Address,Balance
0x62050bba84b05c653628c5c0e15f7d11150a35ff453589c36ad12bc0c4fd7e15,109864259340648
0xbab8526a9eb7403a444fcc1f73bf02d8f94dafd3c88a02b5736a1a77fafe4169,107621648537116
0xa20ce9dd88451811a079879d9ec198aa744a6301074e014b266fddf5a0d96aae,5000000000003
0x433c755677778eec6b9dddf11464af71e7c5253bdfd145699f09a8bbb6574417,15748388389
0xe59f0ca2fa640ea2a1d1b35b4645c323535ed182595d091b9f4225bbe7617262,14499786420
0xec5aeaa495bc6564bd760271f36fde4ed1589f9d33f0bcf9028c3418957da6a6,11999823244
0xba3fdb5419eff135ca17d27d2d5b93f58f9a7a4207d4bcda007a51388efe187a,9209742088
0x6b42736f2e1469356c3314831f2e76c2f70533be8f7f69fce6abe5769e8e61b2,7278584139
0xd4f81651e84128ac4e0313bf3c3bf82c0211c79a581c3a89b8b56d8f98428820,3557524882
0x53e2555324ecbcf9cc400ed61367d7eec98adb2257e5dc076049a5f9446454d8,2758603354
0xc97bc1a779205c617ba03c0f4e5a27e5ac7fbee6bed320657306237e9f5c8445,2656907614
0xa90b47df9574db54efe93167b73ccee8c8dc191f05468b75c377d6126e71a846,2431678712
0x16b035d43a81ab56a17d64ec74f651646dbb98fe789efde8ec1789b510b23333,2315088582
0xc0fcad7bb54c8035d0ccb6939977970070591b50a8dea72f97031881c9918e9a,2255088193
0xc43dbf1138618467a25e439e476b7f0af857df6bcf5a194b6eaa0045fae59786,1809973340
0xe94c76cf1f674b77b95d7f781d5eebfc9f0cc4f2e330c5f86f38080af59a81b4,1499977906
0x3c264b5cd4ececbf4554192365b48303fb9b310277186c333892344961b0337f,1100000000
0x7ac6f8557154fa824559d4721076c8d853ddc96141426c88218641fddb3b082e,958956755
0xeb11cf5bcc97788da0fd8e0acb16bf244df317c925b230d73ad7330cc4480685,805704136
0xa81e5f7abd02c3d0a1e3476f353bf074375457161db26f91f759b99d630e1593,797739852
0x68564550abdba28babeec2aa4cdd489392b84deb3b29dd3a087ef4fb963fe868,602453074
0xd026b2a4924b42fb27b080520fcacfc91f9f94d79b6447090e0842890ac626e1,499992636
0xbf6893f4666bc922770e33cb1c3d1f8f13a3635aeef2abbfd8e21c09812c5ebe,399994109
0xc0de34459b7d718e8b5d9737742203f0eee4bd3dedcc4db370bb2c26aeb28923,307999944
0xc702423c57d1754bcc97057cbefa6027acf0f0f2884e44b2cbfd03b5b6389140,299995582
0xaca8ffe504a748fe0d0ef130522e575cedca90f50b03574869759fb832bdb876,299928746
0x67ea5b0af80482c75874564247dbbd6ccdf7888ff1f96f087e2c3277c5b6fe7f,219996760
0x4f475f2763f8fea63838dacb71713b9fd1e858a95b9c3db1a5a1e0dcc5f919d8,199997055
0xe76f3dd902b4ec0efab558b043c9f6b54ba82769bb819f95443a29e21546bfba,199997055
0x241873d4d7f6aa515ca50a12ceee67835a7ce022b51adbcec1dd1857c49dc7ab,199997055
0x38e69ae8cde1f1ccf6bec229bd1e6019966a75c0157a6d7c08c38b45340afc78,152369879
0xd56b77ff3ab7bc1fdf63ebd88ea2f29c5f2edcafaee53d7b7b66e153a1319c63,149997791
0x9313ff6e7f9dda4b8c94ec3ddb7b829133243d0500e8f21aee882cc14cab392f,142956996
0x6be4af827660a4cf6a63112cd815357b9306779bce0cb76dc8ac14aea2b9cc05,140785341
0x47c05d879d2576c3e9731be81ccb2a887601fc1836593a1de9c6eca2572d5a34,140450516
0x22c45e03999aaecbe241775fd84f97072f83437bf6c5039771ddb3c32bbc4ef7,119998230
0x2f52393da4560c4b580b8e33933c4ef45ef1ea831b3ccf331b8fab157c842f83,115931785
0xd996736783d78de2f68e52f5e1a0587c7f2b6a2e9e86b9de6ac92b9620170337,109998380
0x13d9952e1a477c9ece8322973979db1bde2921b5ef888979b10a201cfbfffb0b,109998380
0xaffb6256423123dc2c4d58b97ce3a8b994ff31433fe8f5d75f2e31c4b1980b86,103662129
0xb37a88af0b747ce9fd52a17ba41fc7cf0cb3e61222e5d772239c4fb7f66ad6da,100998513
0xf111371762973eaa74e29cb8a794207fdc7f286c72bf7f019fac9139724123fd,100498520
0x3b471539a8636ac6fac5e74930624ab181a089bf0cfd5a8ab95d81bdc6ab47a6,100498520
0x29ee3349c2f641faec08209555f9cf03c116f36c53d5107c5331c81ef19c8951,100000000
0xba6ee74205508ad9e84034fb8ecf4e93652159a031f6faf0a482ab596c89807f,100000000
0xb50808e862e0e123d779f750abf3294e2e6d89332c00eeb2e101bdec8734cf2a,99998528
0x8dc5160226848dc5d85d78780572ed32d44c5693b37273355c1b45e241b8afe1,99998528
0x0c63ab81bee6e37fff81e0453f90cbe5fb9f8aaa541453b53b679c2260e32802,99998528
0x97b6d8499f77cafeb5b6dc9e3d1d7e416112069b1959be8119ffc15ff395a267,99998528
0x1652935a1e8f73684830e5f3813068a3a4f430a3f7b903b6358e902f36f01c75,99998528
0x72452fa4d5aed22b8ea008377d9aecc1d650dd7ff838e9ef3841418362f56507,99998528
0xedd94717b792e4f69bcc1cfae6d9bc2c38ef35ea512ce75b1aecd895e24156ea,99998528
0x20f2fcc4ef0cff0260f74dff7cec86579df1d8f3a71b20d0e9f27caf91981376,99998528
0xa8f5e3912c63fe8c16a7b035dc5010bd6db89ce376bdbb8a06ef78d3e0a29f6b,99998528
0x3f054d1a9b0204edf88c00ed2dd6a198d7aa250535e1c0401489d8752a182bd6,99998528
0x846aec9fb247014c23919a4f587e0ced0c8cb60e12a40f322d2f9d982fe471ff,99998528
0x56b67461e4adf596c1b17ab696f2f30306003e3ba09c3687acf8d8785d4cc72c,99998528
0x6ed08aa2c822cece9ad916bd6b382a8d24bd1a76add02ac00f6769eee745feff,99998527
0xd94e7a6a756edac65fa5ce63c418391fb571290b37e6e675062b4ad01bb8bec3,99989425
0x5d3b996af0374eea6aa984f5694df6497a36b33380165df4a25a8c720449eefc,74889989
0xcf0fbfeb7dc02e8979f87cc403b47204b6ebf36a2b2c3377bb049d17be3ef1c4,72901321
0x4573b829a64761545738338f25d6a63e75d90aa16bd4e9ccf35c702a0a42c353,57897633
0xbc0d82d4bcfe9a2235fdf455e080bf0e31cdaf45028a97f62551237cf4d2f8b8,49999264
0xf61730f4f75638cecfb5812bfbb5290f6775a252b7c11aa7e8730b99c9a38d29,49999264
0xd32f5045de8b7ecf3bf62293103a5af14be6b794051044aace85498d34c25171,48693494
0x83b1afae3a51ee40201610fee58dd64fa973fbf3e9962e98fe627854017cde44,45044982
0x02c810988b89e25a3e12781e00ef28374ddbdb2f37ef3b30bd4df8aff493f88d,39899410
0x28d1bb627f828a30f7c6872fca8bbfb30a197954677d24431673eac5746c10b1,31999529
0x181ad4ac8006697ee10ccb3e7d428b5863731ffb0ad0b12bf7808cec7337bbda,22553340
0xa56247e9e1952889a5d45c10003c8fcb555869a9a1002ad4bd9a4c94ad906c12,22186346
0xc02399a3dadb83d363802e3fc990eceade0e9b2a9a6dc180a092a60b0c17566f,19999706
0xfed71decccd738eaf89dbe3d5aca24eebcb420d52cc67269b5ac506e7f3f1365,19999706
0x188f6814e5e1d46d45fc9afce3dd564adbb89b9602a96f3cfff0a0926dd2ad3b,11593455
0x7f5ad1b7b65410a823681b89f5b74124c3d1eb1ec161e2080c1768699d7c6e27,10999839
0x566efd5212980d34060772243a0c66db84370be58affc33554097226c534aaa2,10893001
0x210ad3eff7ba1a3ae6fb14329d9f66bbfc8360376df59cda76069e8075d49a63,10000000
0xc7ab95b9cb326818a83d88414c7e89821cd7099312016da3278daa959390cdc9,9999853
0xc51f511174bfb3bfc171c4e72435ac9d45af46ec07769282fb10e71de5ec1226,9999853
0x3705cffd5f0e39eb9a224d6756ef837c00d5894561bce43d6af4f662217d670c,9995583
0xf70b9fce72c9a0b9da64e32bf59ab029a07905c22b2ab6a1faf90d5ecd1aa300,8999868
0xa234f0645991d5053337d3f18e54d71186906e974c47058d9a50885b975adb89,5100169
0x3feb26c8d7a22605804973a5be392969c2df8e365d7b53ea7fe508bb853c62fa,4999705
0x4311149b5d90fea6056109862ff1fcd085a3894896242b2f6cbb927d798cc512,4991018
0x6b4fea6d873f571b0682429297ff13be7c5f1ebbd3b731fcf812c7b25c8ca9fa,4841370
0x41ac1d8db0c502b304b86234ef8171a931d49141f0c4ca36e5cd62298c897c85,4616081
0x4c36d0311d6cf500b35d1dfa5f9a7e83d3dfeed7f9b8404876e16a4378a73620,4385212
0x6583083cd561c7099595ebd33abf957b11ac8a451641d58e35361559965c8b9e,4199938
0x79172aee39dbca32d1d0d6adab8cc302e1023b77dd997e8c97ea2a36eff0358d,3999913
0xa2762165fa99614ec890f764f82334a70547dd72ca29625eb93d66de08352898,3299952
0x3b2f3a76614ce8cd516ba8d2cab52698d6a8cea4c9ebb377dc6f6147b347585d,3199953
0xb2ae5f3ec75712d53cec68da8a9b7b5405a743ecfd75d2c098609cb785315554,3199953
0x5c9b91b9b89e9740b4f7643bfc1735e5def48cbedfe5fb5779e107c97837cd83,2799959
0x3f3f98bd8df950dc9cb82d1138434b617c55eb4a58388bef20d182454bcb6128,2385262
0x20dba60b7e3a506f23e1fdf6487e471fc85bb662377e40468c3055f452d0c476,2099970
0x548e91e29f0d497c110e4ee8f124aae4d97a91107cfcead08dad3d99ba6a9090,1999117
0xb57e528946365960a4c557fbd8b5e1562fae62219a4f630adb80f6655888e27c,1998380
0x6c818f8d6f72bf4f86b12daa9c3d9e4b5c1a8683c9b8e8c8a38b0b5f02865a44,1899973
0xc2ba8ce1240a57d3cc4cfae77554706ccb47b5468a64f853ef005c5fa5bff378,1747682
0x386568badb54571d34759fc1a98778bc50439a684905724f53dc45aadae0248e,1165072
0xfd67797fbe541bdaf9450ce4165b0f2e2ddf9ec2954e10bddd0b2f1c94280085,1100125
0x4b0db2dd7792ad224227e7c382b116e1164a2398f651bf12a1c50443326a166e,1000315
0xdd284fb30311654251f1bc7ee9293962e1f28177534a56185ad5a553a72ed911,999986
0x5b5c1b7dd1bff1bc70595b5597f7c549214d8a0e1febdd7d6188a6003768c165,999986
0xe98fe25937223d51401754e5e47c12ab3c61848393dd0b9170c33edb2c25b517,998380
0xe9ce2db42ca313bab72689bd0b3fec64d73f4d1cac9bfb6f451761881cb5105e,988218
0x2acea244956df6e6dd7b95b71b5332e4dc7308e6bcce4ad1dc81a7122998ee8b,889986
0x56f35888d4455762e62f271602d9415342b74bae9530d62c2a759278b7a27cee,445589
0x03443e3203d62c15be62d75cb90aaebcf5ef7d0992266d25cae2dea9ef738f8a,300053
0xb43304fae3b062c3c4584fd12d2e70c2bf9f0260213f5a5e4c0a59864893456b,200035
0x99b1ad000b69a7e428a0ed426ed825ece32f87d803ef51f453a8d02f687c23da,148477
0xc337f8911395ca72b9008a29b3a9d5f527505f567a9cdf84b26c6784c7a68429,110725
0xac671d6cd016f6deff8b492b3d21cfe29ec66d81278ce16c5cbe993665623af6,99999
0x3f8e5d73de997907eec5b4ffa5a4a569f52a43b11301584a03e44db2655b9152,66625
0xfc9e87ded65df273e8e2664893471e37452b585922ec16946321d7f9f9b5e6ca,35146
0x89d1d7f8e27b1c565642b640659d49fce125ba65df151193e0fd56557717a52d,28838
0x3c3093934564ab87940b9226ee644054b6723829a7595840fb2dc97cc8959148,18309
0x6c643ed4ca558f9447b6cff982d06051d8ee7b56d5fc3eb4860e1b4f3690cf5b,10000
0x99d93b1e56e38ea9071e35f2dd7d634a334c399af282869d60fbfcd52fa3c627,10000
0xafd785aa4f1bdb00ea2c27d145fc79ffa9f6e06f1328176faec3ff0d748a9f50,10000
0x5e34ad1b95b3fa6547f1e0e086a7e125a6e6bc56b4050b5baa23251b8780b8d0,10000
0x530a257a6aced45a42b90f083205e8375e2b864e19c148c0d5d5d784175c7447,9780
0x55889371953b81970d57c6c7c560f76b02f3d2750616d15db85251482f85f035,1574
0x6a45291239721520b02743c6c0eb821c84fd83cef5dc9454f8432d4de3d02455,8
0x3b2d627156e81990d439b1a47a6a1893b329e98bba186bf5015f224f7489e8b9,7
0x3ad2262f75b31c0d69a8864e96017974b49661b20faf75bc64ec58b1dda50cd9,6
0x44513d743f5260e673d2c67b09fbc67706045a22fa05458bf8afc6eb748eade4,5
0x903c9d0e519d4049ad2e36bfc6a7cc7511741b50fb2249d9c3cf9e2c24218444,5
0x5a1753e81792589354964d255bd788d53c956d2d049b3bfe22f0cdced77621bf,4
0x3ff622dc614c3c19adb2690ab9f4d1dde78987edb9c11b2dc84cbd1d7ee61863,4
0xccb6e2bd9c100ada8900e93f376992b05e0bc41f2dc95095ede04ca2bcc5babb,3
0xc715f35513b69f167d49b4ecf6a5d9d6d6f8b5a8a2a135eb3e1a142c11fa9042,3
0x778aa1ab40a2ef5ba6fbfb75d86ead689542c2a7dbf836a6981b68f8dc40659a,3
0xd08ce73036aebf78e688c10539c301bdd351fe6f6b0940315916fb7a871fd5cb,3
0x79cd792e154c7569950e6bf58f0f908e4fe2f31436b3f8dd057314480fd88eaf,3
0x8490acc63cd59a5065e5f83cee62e01607526c7be60402e209f18e3fcb4e4e7e,3
0xe544497508e6f3af708c245fd588d7866a1aa06548df5ff81e4d5c562a85e4c4,3
0xcd1135c3096fef9f00a7370981c88c275e2424098725ab08d89ae08c2cc78984,3
0x9c91d55b748e57c4eb35f4a871b09a2bd99624f70a80950994d2bae6a8493257,3
0xa8b1c1aa6e3315808ffc9b108bd36fe68d271bce6b8da67a31f4ffbad5098cdb,3
0xc188e7d39a923f0a8c6ee733b66799088670671a7a87433317d617d9e76a6c2d,3
0xaf2408215ea9016ac3f225ef96373acf8dbf9a9d0c85a8462f746f03d590e762,2
0x8f601dcfd8175ea01d364bf2087048c100df4806cc3f40052ff948475fbb2ea5,2
0x9cb409a8ac226451115555ba187dd5e8e29c2f4896b9b2ede57e5d32d8e8e026,2
0x4bec67e48055d943081217b3a94573af850131ae457e8f712ac06e18523b6308,2
0x9297bc5aeea18eb99532c3a89b9838ce0385309d2ffccacb90b0317a87162807,2
0x020a5fff27326f54ce3e92f634b01ec534a1c6c49bcaf7f7194b5dd801b1441e,2
0xefa9feb1ee17633e1aa20658094211a429e1d80ac4be3a5349b8ca6427791070,2
0xcf418cf4aa535b9e496f30009b8ae09f8f1a0cb543f4cf93411ad2f3ab844347,2
0xbfaac5b19307e37c37239791763ff37a73427f10e123cf186458717d80b7eab1,2
0x0e25f8b117b492251996a1e3660d8587d6e8a10b5fcbacb848da5f7ff57176ca,2
0x11281719b561c25609d18379f54388c671c3fdc21bf1ddb23f3f16bdc658c646,2
0x1e1290bcc4ea7390a62c3a71f3736f0931cae464f9e8ed569cd2f4b241aab762,2
0xbb70297dce977311ba61dbe4c48f62c8411e6bc58da6c0618c86bb3b2633d17b,2
0xc8f59c10cfedaf1602f53453efcb0650285892464ad51891afb9924d7c3e1ba7,2
0x14abb810e0a0e3e31cdfbee81e662da2ebac400fe84c41968c4632e7b0d87d00,2
0xbcad8dff0902a9ccac2f5f31073832491a05e7a24b60cedc73932fbe5d928bf5,2
0xbd190c7883f32cda7414bdf3d336ddd0891a53244749b2659e548a3eccbced2f,1
0x10fedd8d19b1fa84cbe1ede71be9cfe64330574881d922e351ffefc825775c4a,1
0x582bc9aa38977af5b874c0164276384bc3bb9de6d4468e5863df6b3e38e2a8d9,1
0x204a02221fc7894bcb7e232ab1fe375552fcd0ecd93ba1a07b80c427efdb6048,1
0x8516beefbc734145347472fc94d92e884dcaab522f1c3e1db3c8265c268bcb66,1
0x614e604c992449a78ac636954eb8180b6c970c39ec36bbedabd3649b20020b12,1
0x72c26498cb4440989052719a099d4dc758d2ac003eb484886002e7fe5019e7af,1
0x7b786f451987eeeb0b73f065213ed9ce6d21de241502e29fed14c0d879211af8,1
0x978cee2d3181abfbaf94fcc46811b48bfdff27abf3c681881003df24ee0c69df,1
0x08a5522f1f28cde7973c89ef5429455475d9ee8902e7a00d44fb455e1775a8b7,1
0x7b60e6d9cdaf3391b9db3126f1ed82db8e5cfff485156d93dbe92c17f009d1af,1
0xe55e8fb2e45ea2f6c0877ed83df2bdff04a2f7dcb898d2cde9a4a68eba0b3840,1
0x7ea6e07abd85da37e6b8f3b2719b3e555ce7f8c55aedebd8032171c622f5acaa,1
0x88607f77e42f06fb20a90dca2ffbbf44c4fe1920cbd95a60e61d1bcb76a50d4e,1
0x7295c2e4c0535ffbeefa5c9ab11482b3d3d6f9dd62e16d08a4ed1df807085228,1
0x39f1812b0393b4af5c2ace4676e71f725f4fba02fd32c36c1ccada994030bac0,1
0x519830507734b095a704ab4ecb36b5bda3c2e19301109634200e556f4e1a897c,1
0x325e254122a0ea55fa9111ea896d20beaad190b83d416ce1dd2594d2446a158a,1
0xf4e1520fc4eba36c93e91771722751e7b2c4d0b707488c7b5ae2ef937e64a1fe,1
0xff4d9c62a901763b94f862dc0b0f7c36140b55511c50528db5dc14943e417af1,1
0x27aa177c779be28624b074dd514f6213164ee53c27457c0a3f226aa944f36fc8,1
0x32cfa465ee6747dc8baff6857edbed446fd3512bb76229d0941807c297c12ad6,1
0x905b5bf9d169824d6cd09db018428d18d7ddcc13ebe6a2cb7cd0548a62a8fb32,1
0xd3b2d0e8ed6d23538658d722ecd0a2d18ee13d71a2ad0d4a175d97e6ad711a17,1
0x6c91d162df5fb85855d9545550f4dd4bb938ca357e8e88259448be289fc6bbc4,1
0xfb873fd98605aa11b6c149207e76d44c75cc013fe71b4fe6697323bb3210db5b,1
0x342e9a4ba7a5e55ad24dd3f6b656420e1036a3301ba337725640f2b15583c1ae,1
0x0e94da258e44fbb86227de5756ceeafc4178163a85d5ce069364f6609e6fbb90,1
0x4282fb26e76ae5d897878c69141c35c4769da13d391153afb508c59ea5a295a7,1
0xdfaf4ae871980ced889a1e768bb1edf77a69177237876c0bb0c51ed222d91739,1
0x728d7b9511b3cc0215f1480b5cc47f9f269183a27dc42b3354186daf8104ae6f,1
0x3a9c5755d8be4d08e9dfa93e76d03c5a96443e0ac41fdf7591d437802460afec,1
0x744b3692eac30195523b47ab23953aeff2381f9226548d51f1be4c837a4128e1,1
0x5f9de248b2f2613e2a5536433dd6d56f1880d8c4e96e8d3d6ab7ac79fbe52a80,1
0x8e9340c930dcf88b7d67973ec2afbf9bc8027ecb7df9d17057e9283e0060cfcf,1
0x80a1b663ecc303e678d0209641dbb7c24f5fe97f3c89a5f97bb51b7e362d771a,1
0xd7231f51138d17bc119a6f1caf7b1d401d6d29978f9bf35cb2f70fb14d4b23a9,1
0x1f572cd8df2a566356b1bec78dc3adada9500b6be903fb3c3d6156f06b10f16c,1
0x155fa8868de0052f307d69d26c861a44c9373c3befd300f2a06743695dda5f55,1
0x73d6d1ee6947de51b6fa07e1b581b0df1d92664401bef94405a4dfc6d8c287be,1
0x5201c74d6c64c56094ad04612fa962ded3c7d71151b2ad91bddd244f5e60e3eb,1
0xb68694d29ed6c4e5d30502205884200fe2dcef941e619ba5fa68becfd546da7a,1
0x594e18ec185634ba9f95a3dde3ed62f376a180306704143d515c06579589ce14,1
0xcf413d6f59c1c464dd00b9374695d36fc6e7c0a1af5d52c2bc9fffa1bd4d56e6,1
0x064e2ec6a3914facc5aab8effc234ebfe8ff0346d0cd72873cd9a296c1f0bfb2,1
0xa37787e08f58cd3da1281cbb8e2a6429faef45cf49560a64135d2bd95a3c9907,1
0xc3de8e964b6ba00e36fe02dfac84827f9df63ceb6717326d580f950f92666ace,1
0x0b85079823f36afd00c9dd1e33dee17eb5438ee3ca3ced8706a73b6a22137668,1
0x67f122e73b08d16fe896686268c7f2cabcc79b4adaff7e30214dad9cb99e79e5,1
0x6722f2e337e1ff529a70389a8695f2b803901dbf01a0b14e23b56a4b690c4c46,1
0x70234562cc42c8f00b08814b0a982a113b1ec1b60f78ef2b562619cd63c78e72,1
0xbdcfba15b1a0d5e763148f89900c447a4d1d52e8f304504e675019e2c9a53c54,1
0x405b596e3ab6d57a3691f48c248f10fc26b1c75df998175170b9d15d0a054c84,1
0x0046c5d0863a7d899c7d9a1b0d7847af9cd18756060ee91ad82ef3152307dd06,1
0x5a66d3bea869ea61ef2fd4c97fac53a0b5779ea3ec30261700b5b2c192c0a3bd,1
0x98a68021e8ca37c7b873a5e7b72cdfecd2ed3f6ed9956042c002fa2aafb8f7a4,1
0x07bec3d232e7d679bf08c755e72b7e98f68e4771ae1b4cba2bef87117b5822f1,1
0x5746de6e21999a762254dc724519031da8c317fc189f49bf46919843fdac1892,1
0xb63ed5ba648b706a02718fcb8edb402a96db9075e94268c31b3d42ec6b2cbdd7,1
0xb02b10ae8f8dad1b548b5cdec7a524a43a81ca28fe74c81da51d6fbaa474b827,1
0x8a84ff49f846e460084ccf90d5fa8f2bf6fa36a5b740494cd27c6ead66c76ff7,1
0x3eee94635ab6987fc8d2ad75be412e3e47202ae5776ba811c0d0916478b93ebc,1
0x7146af8a832be244f37eee23544435420d08c69926fd335a1deb7ad0d18bb173,1
0x56eba51e7b80f603d4d80fa00ca71600c851d8bd1c2b0cdd9d881021b6525d8d,1
0x0c4551573704be5c91b59c9804b5a9bc588d628fbeb1e98cc56fc1cc44890f86,1
0x697dc21cc2637754eab1b6c5c349195ae0c4f0e6d198bb5ba1c353ef94c87e75,1
0x0f12c96c8dba963f6eae18c4c3a072d01e3722fbb6cad8da3b3ce573fb378e5d,1
0x2b0d52e559bfae4fce6761dabc0fc4987b3e8df1cc8ac4fa8ad16cfd6cb43d50,1
0xad00680b301bad0787f21fd39db11270c7a24c2163ab4140e49652d7d3ae30b9,1
0xecf679bf13568a0a1505b17e9d7edf93f6891eb5a2051a63e071f1e96f49e6bc,1
0x27f211eb6227b9995813bfbcfb64f8bf147edb3ae77472048b1b27cb4ab59556,1
0x1312551f6139f3b2431ff841e230a9e7be2eea36af3ae07ae681ca2f8724cf59,1
0xc8e4f8f08d24aa808b69dc84f7d0eb2e59a8ca0e752996495af94c447d417cc4,1
0x4f4c41523a312bb3316eafbca816e81b73c210348e4acaf4dc3b6507292b56be,1
0x7443bf60aa47ed34ba2858afc0a7ea22f8247ca17dafb06f3f2ddc60be8d2e45,1
0x3aad63f0e9f02cab3efe697e08691f1ff479f7b4a8616d5aafa6446d139a0429,1
0x013b72f092e5fa171eb85fed63b0c71786f7c826a96ff8c5b832770135a6a008,1
0xe84656c093077cbaf2bc2c318087370aa6d0f6592e1bbdd7cb11ae3abc86fe34,1
0x0f604579d9397b6b80e79b52a1303fbfcc7e8f1027266a38478cdf8bb0237d51,1
0x39324c425a08436615ee94f99f0c1aa9525cf7f780887e166d9715e83e68b2ef,1
0x63494dfcd58ac678c0662472b607dafe0fd753ee2b2601134ba5c8cde6f60b0f,1
0x021ac9b88f198b8833f91aa332d210b40b5fb14fa8a0fd5099259ac1764b49f3,1
0x3446ee24621acf4fb58f63950bcefceeb404c18226beb3f196ae11d2ba826119,1
0xca0e851d4cbf8f462d3bb1da1dc3d345377eeae24dd34a60988c916d73e623c4,1
0x6f2fee03150f8c268dc94c60b0c8ba4e76a4791e24c364d3c89f5b83ca5bde20,1
0x47fc57b7541e7af29b306528914a7e79baef069523925647250443836845fc14,1
0x2e510a717eea4dc3a9885a60e99fe2ad0870d4a5ff235462eb36027eec71a0ef,1
0xed27e9ea2395f73fcf4aed7647b755f009768b186032adf1c61677801d77de59,1
0x1f2e6ee6cbd5e7d83bcafca1d78470205d91682ba648577cd771ead79588fb96,1
0xd86b2c97ec84b1b985a993d8a7034202166368e92f1b6b2b9d689388d659f8e9,1
0x062c2fa823c4e3e30d2d1b16f984afffe5b304dce010594668fd64f0959db81c,1
0xafa22b99a60818e8ac3ae1551a65b054328c633dd684e4e2392867aaed8b3e74,1
0xbe63cc85e5618d4aafe43308c5b3c30d6d1aa1ea5c1d312f0068abfa3359da52,1
0x23e65d1a70d53f9783ffc82700aa34fd9219c0367c65f29c24efd91156bbba79,1
0xd47af26e16ee1f41b893e44ee61c6b3170a0e32703c9fd2217fc5074eb186168,1
0xa5f67fd476c4c43e36cdcbaf7a2da41441aa985973308ed049e8380c132e6628,1
0x2ff64c68204ae4e61c98fa0b38ebde15125181ff9210c8e48470d9bcace2e6f5,1
0x39ab888ae09d25f7d599c0ab6fd960675dad16d8378f04ca4c2bbd080bfc499e,1
0xad6e5e489571b1da2e9ee75b68a14e3d6e0bad165a4f8095fdb68e0d2f4e4089,1
0xa1045feba3a49c5162ab06cc330956765b854b704eeac4f823228aacaa3c1188,1
0xa435032e6a52e7593ae6d5d49611be91e24aae09289fd240d2ba782b01b3b9e7,1
0x764ceec32e7389c65f073822889e92c0a55eb2e942582ea3f6092a77f9d35e7d,1
0x26c2823c0fe0874e3a09fcae75750c2bc8d8c1923b2dbe04f6a3ffdca664f076,0
0x15230d4528a25e4defda18b0b48e916540a7532aad5fe3aaf84e2a3c2a250c2f,0
0x7888b66ac3020b6825c384e89dbf1b7898e2f937b340f7ca11dd004fa8f35642,0
0xfc0c6bd4f0f3c455ffa415c7dffd382be7f699486e67ec108295e10b9cd1f9b4,0
0xd6e98bb8f1539af0b4c0bfaa8736a7be704b91a7bc9e2b402cc56f3fff7af81b,0
0xd9d4f66b8cdbb6839d289f8e0c13ca92488ec13e18c30f6d5214035c7983f5dd,0
0x361f3ae5b9bf01d82d48179c2d0a836cb347d77b7876a50caa5c16f7a6210022,0
0x758655245e588aac98f5d2f28ba49bcbf26babeebda1f496e00298dac6121e13,0
0x8ceae0239e49d70e26af1f2f882c2df2f0545a2b5f0f1199551000b44fb3ecef,0
0x5884257c752ec4e8054534d41671e9aaf4688bb53e995a00ae5d76e8ca1a5439,0
0xee854fcc5bf373e110c8237e21283b96641ad8b9be021c35f49e8eb32da21705,0
0x359c1c337b21a4259aee66210ecd06ea92c2b1be32e2c950652234ab9b78e517,0
0xb7abd550412ef4d2b87171efefd47fb38d37cfa88c772c9489026cffa8e43aeb,0
0xea286032591934d1e214efda72b322991a787905f36537bbe7e24365ff5429af,0
0x3ae68ef60d818f6c9a7db1ee3489a2b33721e590a0021ed11aecf7ee42ab65ea,0
0x6330cf0908336a140cc09f477ea28951b34b54b29762c2703a3e4b1bc69d4003,0
0x9fa2934768ce9a8a86bb7db50ae94580da58c58cc15317ce2ac652a83ad1c2ba,0
0xe9162280729304c5f40096eb16a98c7afe98be7c871ee70879e622586d649e0d,0
0x057c6196d1b49f0548486d803470a60721ab7ccfa568136f7189a23b28412f66,0
0x15e71b0b1c937a9ff045764098d98146b13f23e0d239c9de15317ee6e6cdc3f4,0
0x8b4503b692c2fe5fda5f6712869e1a962f02ba4cb46f8b55a58527d747bcafe2,0
0x6c9c9318721fa4a7e433a083753ef85c2ce9c6a2331fc7be5e30c2711c2e8890,0
0xbb5ce9b74fc82b22d6202997eead3686ce03c2ce1dcdc5ad4f8b07bb7683f6f9,0
0xcf937c529fe622334d2602d238f166e014e1632bc5a389041c3c6c9b0a7cde55,0
0xa87bc2ba29c92a43755f9bea6c7f8c7888da1edad79cf0a8aaba5764ad7e7901,0
0xe8a13bb5585ff24a52f25173a85d59b37b7261b4a41ad15695892bfffcd15d06,0
0xe730ade5fb80aa05b2caefd140b6e335faa933d8a77685bd74964e27103b0eb5,0
0x19b61371123a1fb39a901b7ce7ad3bce6d681c7ea612b23a0d5376dab1874ba7,0
0x943ea3f1ef018408ab19eec96e66f76a1aab78ffaf7f692d8c2e2684ab55eff7,0
0x02ebfdab7685d4bc8a889232cdb12a55003294631268da9a85634456febc232e,0
0x75913dc419864f58dcd8366c25765af141b3a841485215931fd73978032123be,0
0x6a32f57ebdbbbfb87903152720f875252ef6c6044c89c2d1fc0136c2683704da,0
0xc449a8c51fbff40b7d37ce53ef418d32926ba35dad900a73750f65d360e5da88,0
0x36ad34e384e526c58598ca6361436d774e6e9a90ecbbc6272ec5d8ab54cf96c8,0
0x07997210d631aff1d55d9a9bf402a3b1c24566d36b0d94cc64f9d879d5fe5468,0
0x343a809e94d27505e1fee438e378e0c4ae30ff848de3d606f9005c067fac6f44,0
0xd3140b9db4521ace515ab112bd70cf60e21ff56ebfec88627b714395a6591642,0
0x52c8101c19f2b3ce29469c3892c90e8022fb2b9fcad37000d607a56d7291575b,0
0x953c5795bb04101055a0c89286eac6730efe2356e42691e56ba5eb31d002b2e8,0
0x1c7b238ee62d930d967f5b19a42f1a1204d9e0a9f535076d8001fca157dbf099,0
0xfffba501b589efe45bcfdcce239663c1528ca37118700f9b43d86c2cce818f0d,0
0x632dad777e05538c1ce47fad67ad801d242b481e45adfbc058a45e59851c3907,0
0x1bcc35f213aa4c504beeb6919a3c752c40d94fa153cd4a4434d89e7ffa03962b,0
0xb348766d92ef6cd7a178c68fea14f36509edf27aa6dd60c60a4c7fa9bfea1464,0
0x7481b3eab9cdae756b15832fae694bb5e9636be1605fed21b18244e5be16e233,0
0x0eb996e12a2d7ce8de104a57403cc042e984b095d3a5c43bc693b28fc2c0c059,0
0xf752a951fca924ee37eb3a13c44c6df48a7f6e13e52e76b4caea79a983e8e78c,0
0x12f6b0a4fec7528885f03b9272c230b520c648a9e62b8eb906b0bec22f5d6ec5,0
0x11b838ddedcdfbf1781f902bd92b3256bcddc25b93e30ea4f7072ef1babc546f,0
0x8da4ad472ae288e4e30c85505d6b798d05c7e15a675385a12abd8c8dbc62908c,0
0xfa11e08a90db19eeeb95b7054daca22d2599256c855da1bfd7f55a4937afea63,0
0x13910a016e36c9be2c2e41b82b7efc3841ed509350fd7e80a539c263848fd859,0
0x9bdebb93a90fd37855f4c9d5d9a5170d4888b138e8251bf1cd3e0804f9b2baf9,0
0xcd60966d81be182d9e244bed72623e053d5dcc9b7fdcfb8493e036f522f5ef9a,0
0x80e660badc8ea246303e58ab9238bfe1123aa73ea7069b81bff79ab64a2c7480,0
0x61a352a4edff49ccfeac0c9105a5766c8ce1967fb4052874c542c0fdeacced4f,0
0xb609f216b224359f4ae19a1084cb7cf00708626a9f92d2f92169f3a66419be40,0
0xd16eedc0a05828ed9ef47491bf40311768dd277b4622e2663ac90448a8b5d7ea,0
0x13986d642b56db679c6928cdac6d78cd2cc03489568941d1267f9767eb917b8f,0
0x0073d185f30b27fcf043ecf861fedc82f29726e1701762d6c357cd0f51ef11de,0
0x1d54a9c84b86f4fefb8174e47908ff83ccc86c3ad4cd695557fc1bcec3f91ee8,0
0x150cdde1c7e2e09c0e803de0677a1ddd0516cc75311b78086e895dba90986485,0
0x8489d4be3724744b7d511aa9edd0821a69d5e205a0a7fb2fee3566847df666cf,0
0x9797060b311007e6c74f3f52be299edaf8bb58c20820b3dd179fcd19540b6a87,0
0x81b10fb2ccf9cfe8843f23db56f004763e7c354aa9d3cfc91123b094a127dfc2,0
0x4146defa71513329d0cb9e19e78f5216449abbd36c665ebf1140967eb8aee8cf,0
0x66f15049c4fcabf98dcd1e0da59ff7de46b8b0a208674740b6c7724f3858339b,0
0x40d6d9d8cf677f3993e9fe36cfe231988642650310d8afd3c2a116d01005b143,0
0x340224602b21ad736049cdfe62fe930e0868c9013b930d85f8094f5baac09175,0
0xf02a84ec766ba61b010ace8fa7d1617f8fed55dc5f5d8ba1d994dfc9a236dc61,0
0x0d796cfb16e096295ad747c2a149d39f2453e1963b664cd8d9936dfa5bc20e88,0
0x5420d39e62e1a6cbfde89b0a5537f397998c53727582c6b00ed9fe56e3764d4e,0
0xbbca7f888ada4a67fc62de593f913517348efaa31be70f9d6437c357fd821fc2,0
0x362c2190e53723c3e834274f2572d25d157e7189c5514ff4c1c80af4453b2c9d,0
0x06c3440feeb619ffd3f736bfa013ef0fa9a1e98ef5fc840701746a56f0713965,0
0x4f034e5afc464a0c4787983680789d0ef52ccf5f10aedd9fb8d8ecfbaed5ee4b,0
0xadb567aae14993dce9705d783480871b44c028a1aca3a1529711b0c2be1847d9,0
0xd5c44e7bf3fc3e2e16f6841606355785f6aecca6f20feb5eabdc15a6d2049e4b,0
0xaa19d4e2909f3f9c33760edd188d2ed9ac7c529af009d94aa80fa78d35923177,0
0x3b43cfddd2949bd0010ce724141e16632f33d711581248dbefe95a80c6c15a85,0
0x9e828cd9f49776e0ed0d6ad5ad2cfe6069b39221f805a6bea10553dc3a5034a6,0
0x972077fdf2e1a5e2367be7972d252b06cfd0404747b02918ddc69b0102c5f90a,0
0xe7929a69a30fc00da0f80cffd0a9da94bf5ac805ce58da7ac6dbed99de6307bd,0
0xb6679afbbb7fd423507e4186d44e2f6188030d38848bb5187cb0a9f41512c47f,0
0x6897a702929c60adcd3d974cd0d95823f8001a2215206542d9f91a279b5142f8,0
0x96b32c26df4a8ea171d92fa9d7edb573ec4aa130956a46914ead532c7c3c6b44,0
0x2b4f87921e3713a2f8b210eb630a031010a7ab9da1aef1c480122cb44897cdf1,0
0x3e15518b700d8edd754dfae0172f80cb6d337557091d57165920a4b0c6d30ba0,0
0xf686fdb6f08f1156cb4f575c992f7e0e0782415c6419b93f88cad5e6c1ece7d6,0
0x482fb711ed57867082b2eedd54d970c390e75e96b98fa7675e286d795c5164e3,0
0x910aeaa9a8effcf80bb7dbad0f209f25f5469cb04c1ee3c68161e070d3c6ccf6,0
0x468b0c7afcde2d913caa5e13a06f39db3c040d4f000745740b0957c34cadd730,0
0xb721beb4302013e755ebf4e0226012b3eb67fb82cd3cd2e329852b0d80742f82,0
0xf966c3d7671a5512f11d84bc3e92b2eac7479c49a7c8bc3817e142be2fb1f75b,0
0x425ded676356836d1d939fef218a3f80d19df75c7fa6180930f4acdc597d2133,0
0xe5058a9a0100c7d03a4fab6a4545a813066a8886e5cdd94a292ebb979ceec4e0,0
0x96fc0c8a2c3ede64e9a96e6df55a7d010b47060d6d3f403033547f68686bd04f,0
0x127f3329dfea818769115c5023df6b90f815fdf86a2564942e3be881002751a3,0
0x39a8747455cbe88058f9d960b8dc6eb328294a47895d582bb6bfc896c46e74b5,0
0xcae084513b8b193c8fcdb452820ffeb3fd6a3ec8bf7a0ef681de6647a2314a9c,0
0xe6f1e782a3683b51e4e859a201646d81f73493f49c6eb6266089885e04a1ba65,0
0xa9cee9a7745c3570f8c59a776db8e1acb7fdce5e82127ad68bc2501755402863,0
0x53149248ba8eb4c07d11bda66cb2bb7ea5ac3784f4520c72cc76a59d2f3b6f18,0
0x4da06d6586cfbc50fccfb4d12edba55761dd7d9bc6db0630dfd1dd95897d40ae,0
0x1419d4277ae50c14dd2c1ac06e4b8f024b2c099a0631abbe37b4ec0865bcaf6b,0
0x04e5eacc4641aade0edf6b7b43f7a259bac373f7e142b093cde61b3104bca06f,0
0x58b3f9e4fc990c122d53690e94e039a20f667a41a28a933869c1cb369818eac5,0
0x1651bf34aaf5f7d58177e267c6079fc07d378b039c058bb75cb22aa0009f5eb9,0
0xf12d4eb9b200dd9fba88466c37c33426bd6f9559d2112211e998ad7d61855096,0
0x8f6d3c2680942696e2c32fc65c7a8b50343b94598b3415e9e2900ee4fd60e25b,0
0xad33ffcd12fca3db383193cc7001905bae83a4b45950ce75b7d68ee6bed969a2,0
0xcc6d903a387032dabdfc2161efb8d74fed311abc4e3a4223d38d37f4dea7d11d,0
0xb793c579a23d5577b7b923e7e992c6eddb6b60b2572a088f802c4633417dc537,0
0x6344da47efe2a3c011da339e647c39b827a69997eafde044dcb799faa83505a3,0
0x242fce799e6320207da21d8160094792244c8ef14bd9b62cb31b6c95b6b4b14a,0
0x298f257f784b45eca26ee42fbcf258b2dc0f99a0226b5fd9a8ddb7922b250e11,0
0xdb5c2939c195babf8121f482f37f8a91abfe1a325f90f702ca647296b714e33f,0
0x43cd76f68916165e67ecc9df67b67721fe4e92e8aaa12a01ad895ad47187b7cc,0
0x746eda93731cbf1b965637882d0331eb49f3a52e8d07f65a80b7e3e96cb9dae3,0
0x4c1bfa98862b4122a55759670e17e942fcc4b494bd81dfc1f72e2bfe8ab70aee,0
0x5b2586f92ae67c3b546522fd2f60423f9306f6d58913a91e6eb70a36e91c8e55,0
0xee070db32d4fdd51c05140c2b1016609a06aaf55bfa9aaa5fa7c822b272d8e09,0
0xd098ed4c8a4fecfd082149216a1029ff1ed3d4dffd628348b018ed00036eec22,0
0xe5e9a07fe36fa258c9dfb09966da24ac38c9d1496305bc246ef9e395d1071184,0
0x9e15ca1fc0be3dcca8aa458e1f7e15fe0bb5fc36720bd78c8f584161750c71c5,0
0xa6494d8c0dad9f1562d410bbc6dd4bf1dde2168ff23d2ef50ea9b90f22cb8212,0
0x5b6ab39c485f1922bb346c0188c1849fe2b788f9c96acaf67e8db0107674c3bd,0
0xad425a95e02eb759700fb5bff816138fcdc33e5fb16b1d7f7a60ba5dde0d54f4,0
0x6704fd3d4a3f281a9d74910d07fa07b2d0855094b6a7d9cc65dc4acca1dafb94,0
0x589a21c92a70d5a7b174bb3c2106c8683a7234f73b5a9a1d9c9c575c5702ae06,0
0x8643e6fe842df465721977d31ce273d2aa2941540075f82e821dd74878d70b97,0
0x8ad0b525541576f92a28e3dc19ccaf58e1d2a11649e9f97da367e94392f26122,0
0x3f24088ce03b28618252c2e48efc98de0ebc937a771320b0d5387b5d799be859,0
0x1ce8e41113f00f092b5e08f239293b5df289cd9e5e65076e7d9656b644983a53,0
0x0edb331ac576a7e9ff6007bc41d1608f07d78d1232f033e0bc5069350fbc4755,0
0xc1f0b88a9533beff18d1a4d3ab30055f1a54953a7c6fc20824959929a565d3fa,0
0x650ebd962512a6d622eae0543703458710c604f077f39cdcee5919a638e3532f,0
0xb750a0b2707f428fbb475beedc994e2adbe37cd58c2b88946bfb7965bb82fb0d,0
0xee6941f2d0dda0a61103472a1e7b3c325b67611410c9ad163ac86dc73ae59b0f,0
0x707c253e634e02bda519a0c5c0f59ed7259150779338b60789c8241a4973fe7d,0
0x0b853c24627c495f6bba953655a59afcbdc0a592b65b9484e8e92955b8725caf,0
0xc3fd7a4e3e4dae2c3d4068b6793137d9beca01e577e0e5325fd77561d090998d,0
0x4fb20529135067091a303b56988cbae6c87533d63db9757dba2f4f2cd289ca28,0
0xda8fba672878f7e9984f0ed666c852c0483d069f141398f64042e4a66b844cf9,0
0x637f6bfad4ce5498c3f25fb527c3f5817db56fdaf8707bd7d650fa45e264a089,0
0x489c028ccb05dddcfffc5142ddd12fd664f8356e991f229a0b8db371899144dc,0
0xf53a2681a721c1320a563c7bdd46d5ea49116f8d64052a984dbf7b56d3c02ac5,0
0x8d097b9985a9dfc5d158c2f99724f00bb30f21806f61b89639a5750d47d1b91a,0
0x9db43fdd0340a13be7b54833a36d9a773b5c0355102a1cf1d3573c2ae2c6d505,0
0xbf63c23202e47e399b272b585df9b477be75075f46533b4350eb9583c7eaf2e9,0
0x8e2b1982726446873992181c11c21d5c0129408089b9ecdb9b00fabb4d43e84b,0
0x94870dbf5c3a1bef16d8ef54f910880725d8713ee7f6e3e8a3b2b1c5551c704f,0
0x6d1ab7cf96299872378090c86aaabb7e11a91a5f5198004878e70e90919279d2,0
0xff882c9443bc33583a158a241f3f6628e8fcd4a185706a9988c474aa958d0f01,0
0x17fb7d58410773842de056433e734eba1e75afb7f26a84811dd1c59d0079c455,0
0x4b2e00448f1c2e1f4f091d5e61fcca06b9691d5d9362f71ff05ad0b00f677457,0
0xad73a000042c48c8a2dc46cb43767873b31ed847138762385b8f9df4da0fab34,0
0x069e5e0a7643ddeec347c589b44addf631b3df00d8b6fcccd6a5f0157f3f2df9,0
0x39a7f292b30dc79d2b026e308f5974aabe81f3ac1c47857a886c9023e864ca8e,0
0x1fbc2ca56317089ffbf20b4c7279a99df8c5e55b2a218bc637fc5048e950a877,0
0x22cc1f4f7afb1e298212f9fd7188ed7c230e3edd1cd91eb31cbc447e52c5c305,0
0xee3cc6ff82fac3a05501c2ca802054071a39f538d466861de567443c35426000,0
0x3e3a34a547d15a43eb99983cc089d5c577a15eb212d5362c990a6e95402ffbde,0
0x365d2633310f53d443d0c27f8ff0813cc27d84647e9a7eaee7a2aa5023b6aabf,0
0xb46c240f99b2d676dc3f5d4f9f7b7be14285514f19ac394d5eda71510917ac0e,0
0x01bcfca442e4bdd7db588884b1191e1d5b71d64a0d36ad7c7bf83419c6a363e2,0
0x3de4e8dc4796f92317be10dc7ce51055f9572dea6f066a44024128512a7e32c1,0
0xee4154fb61c3d465f55019bf6ed99c0fd2496683e9faec6a31db1527cc709003,0
0xa44ab6111d6c2f5f93117a1b7a33eeb4bdaa636ffc3863a8e582c0fbc67ef0a0,0
0x6f768d456632cb225ed8a118a5e4ddbad5eb682d34d0b533ff42c0b8bca2b800,0
0x435686a9c1c717d884aa0561c0ef415f4408e46dc2fcd49f3710d8878e93a543,0
0x5ae2735cd5bc295b61cf032522493ffeec232efff12e60fe6d1728290879578d,0
0x6c530b34c7afca6498aa6f09b7868cf4d0da59e2882bd4ba0ff2013f7f34c3da,0
0x295e35ec15451b1f51e19b8013b0e2b3155dbfa7bf68befb146e0f19b2a8baf8,0
0x660c30c405361efc8d1acaea20405f8b7755d3ed16fcfef1e9e630b03d311511,0
0x6596ffc50152b390ebdaaf797cb99a34e8ac121121a1a5c45c73d5ee0a195ffa,0
0xb81056cb86021a20f8f5ace4f9b4cb128e55f37951907cef3a2640901f77f900,0
0xb665bb32cb60846476c10e7a1caac5c73ceadf545eb8ee4922e961611ae4ea31,0
0x3a917ea267e042f4c8b1b8583acac87eba5647327a718c218d2640b7f0456f81,0
0x0c3d8c0fce2bb21d913f23c1ee87879d6a496d6d47c199a17107b7441a8df8f6,0
0xebe338f41ce91c08c5378fad1ef78cd571d59906d27f7e9f86e24c4360b02f11,0
0x7a3f938649d234adf66b95b82c004517096d5ff53053fb9df9cfbf2e6048c4ba,0
0x224f179681ca444644d602c3a2ab2cf4bcc06850235ba8c47ca8ebf074b1d36c,0
0xffc400a41ea7d30bf6b22b7c3ba92e6d56304080a09758c2e99f39ab72531f8f,0
0x796c46e75b32def09eca1bf598308be6d58db4b3d217bf8fa207d7063f8fde7a,0
0x21254513ce6224956e619894651b7cc4be8a66d2717278caa0df51ed7b901036,0
0x986239eaca8ed518d2f9466a8d09984031e37cb31f78226b3e542a06c7a009da,0
0x7dde8535fc2461c63010835e2fab4087d6f76f5739f16ee2da81ce5a621d97a9,0
0x4b74adbf60e72119bcf8d157dabea49d744227daa081d2182d811fd35e437439,0
0xa55de2c7fea8c76c9e58393dbca566101b603586f2e0b9f43682a4b410f44d98,0
0xb135481fbab4ac07f40e29dfe21dca21229d9e9e1066d6a6a11f344c986c181a,0
0x16a293612297bce743832509078b21d5ccf88c391caa36e4f14a2322d75e428a,0
0xed8155ba0d13980290868234439bacd71cc4e2f491004a8d7255c59baebac2e4,0
0x38e2b289ca5a2b57f31281a995eddc8d74575394a5b2b8d3ce94d35a0c3dc2e6,0
0xa185bf8324a2e2dc4e456335a2bfe80c700e21dc02920a5d573fc328dac8daf9,0
0x34420df194717f9cd8ddf9280904f31791294409ab07d2817bb8d6a8b23654db,0
0xea23d519d373327251b2a174ade4c432caae4b4f6fdac14b069d0d640c8415eb,0
0x1171d99159a3a605ff17108bcdb4a3a20e7be8f57bd86a59dc9dfc28a4fb3815,0
0x3e86da38324e78b786687c28e36110fc8ec22d05a3dcb0e8723b20603778f617,0
0xc2c18915d7faa19e2f522d35734345703f6ac0319323b05221bfb09795962842,0
0xad751c3e4dec7ae61c96bc660915cae19a2acc8ac4667ae3e3732dca412993ac,0
0xee1ae3cee08a6505079701c501d57f55be408dd1549d8412a222657c7e04fe02,0
0x8627df41a0cf9f73807f6048beb8dc3525cb9ad677771938381b67ee7f16651c,0
0x66e0af71eca57208fb36f8079112e8f9c54ac5b5b73de786bad52beb149b5a1a,0
0x20b6f8f54a9e6b9e1c9cf51b651e9a1db494dceb1ffee18f05e4537443fe88bf,0
0x6a8fd45361f63819d604ed2705afebb4130f34db948d6057ec915cb228e52cf8,0
0xf8a876f07fe129bbb26f84d20b8e66885ae289c917b29c1e66e4628607569b3a,0
0x247c9e2be86962714b348d5219d183983bd586a353c29f9916a47983076e6cb3,0
0x2ad8b68f3b96207b47d6b274dd485551fdc777a7bf6c5bf493738a10a3725930,0
0x375840d94465b4c48968415758cf4a0525861e17503e76a0c90dfd49ad534625,0
0x3356914f6cbe20635968ff85b0f505110d03132a59c52181f1b064e4c61e354c,0
0x840a33d1baf788a19686ac2d14f77d93efabc87cc233c8ab04c32fd1b8e2b528,0
0x388724551a314f07e28ff903e6a52a20836d033d925f9c7ab41bd9875eecac4f,0
0xd06dbe068858b0077e7dc4882648f70edefeb959face7a8a9f74c744011c0b9b,0
0xfbdba93379a22eaf5b156014ee4bbb7c3a2ae1208357f27e3a29882a8948f27f,0
0xedb2eb464f6dfc138aedc4ad8a33bd4a3ae188f5e39f2db9367c8d6141331ef4,0
0x1ca4ac494cf73960c1f3d3a833d15b3df617fe6c360e1db63f002957527cd1cc,0
0xd33eeddc640078aaed5193a9eb671d854771c2eb251611f973c53fd33930b43b,0
0x4f402e70b540cb8fa4d68ec59ffbbe6387d1b27980b6b218752a07dba60eea75,0
0xfb0243b99dd6f041f904caea758eff83431718f22aa74a874f165d2afbc02653,0
0xc9c7d29f842e0f6aa94b5458656b70a697423533a416db3ff5c4caa5c3d87398,0
0x29463bb6ef553d29eb1ff5dedcd0ae2221ba8ce0304d51389c79a5b8c9203aa4,0
0x80d59904f35ea48eb14d6c0f5ce10296a4710e85bbbc2e8dd6aec101f3741744,0
0xcc50ba849f0dc136cbc10f5bb67ce129b2cfbe929d7b9103de32702901ee4eed,0
0x4c96fdcda05ab1e960d2ae73297fd8f29aa91e3960cf8b0147b43be0a21f2578,0
0x60662a0d15831ce8519d95933c3eaa8ce15e7612f0737ad157ba259f1fd69e43,0
0x5e0e71c18075df332eec167fc1b7ff9bdd5f5461de61a1e7da6ac54a3a9c6afa,0
0xd4deec351b4806810f5957ca15030342ffe395d34a6f50441541b7603101f4c9,0
0xcbb89a093d1968351a0047199d15ba7ad5775cf42da4fb7b7f7001dbbaf06a9f,0
0x286f9e72ad6b32ef77840817246b788e95a91b6fa41834ca131df41b0f6320ab,0
0xfda57c58440eda7a9d6d1a43d63fb7fd03992a5d2676cdac5db5700e1cd3dc48,0
0x58c0eb9fff9486ded76e9c46582a115f889f6e3de29b5e5d78de98d7913037ca,0
0x6bd2a206cd5dafce724eea0c4bf552b079e3f7f54604c56a99f2cb3cb6c546df,0
0x098db117adfab4a8fc335ece024bec5aef24e0d56dd8ae805ecb6a2100806280,0
0x564cfa109a2f53413f1a19c85ceadf7b1a24b9c41684ddd60beffd5a7887b878,0
0x76c36311830817d819f1d2d01bcbed3a8f823e360c8a8fa22d8d578227f7ab36,0
0x86496c14714a209bf6df61c41874069d2121aef4a6e90a356d34e2a0de58f6f9,0
0x11245b98a597be540e8a9421f7b3682be4f412c3fe22e8de512df0df9fbd7f60,0
0x03d87ea71779647acac3832f8ed836ae833553ab462f93c48e704c21e543bf79,0
0x68a9e234de443fc5a4294a339c37def735d65835bb449255a9d20d57fec132cc,0
0x1ac484abfab1acff5dbcd835c6e270c1491b5939d15b3a194a80cee8a7536037,0
0xd1dde17ab4741e70173be33711612ec35baa6a23359026cc0f79427b65e79157,0
0x0854a144f04c604a7808f5f8289f217500855bac6bdd9ff4f7f19505bf1d380b,0
0x8a2e5415fe930475b1a3a99b630c77a9444d532283967b4638ea1fcc716fb2b1,0
0x83ba723e2cdb94db4bec872f65b543ad446fab19615c07fbe222a5b99d60b1c1,0
0x1eb107975593a9927b94713a87a3cbbe55ee6618d31904e2b182379cf06a9c8c,0
0x04e84e99d2c2af8f0c36721d72c9ece9a3c15c0873b9a50797e37fb9db29bea0,0
0x5c334914b93ec221a3ce4d2217d1d1268d4b5d36332a484b2a5d59366dfc6b32,0
0x5f869888a4e6ed21a9d04899c03405b1fbc8dd12c3af1e0cad63b5edb20afb97,0
0xb79aaca2b82b61eb2d10f7422707d84ef57adc8bda18869785c78b9261ca2a94,0
0xbfd06464bd682a5ea46f56e9f1db97c3ec060d9d30222aab8d025c007b4c7012,0
0xdca009cfc35a75912b21a5807ce4ae3b039d834261418bb648f19bdb107dd539,0
0x404087b952c06b31d5a0bc7c3ef2aff484cf14f71704c08b48f7e19ce89e19f9,0
0xdb381650c72d3612abc29662dc3d98f4d9b52292d20355ba6b7e83f591a141d6,0
0xbf86dc59c28cc99c2df987134cc5825104156a45af2b7e0f7c3caa4c775df896,0
0x65e46fa9b29ae065b4130b47913639d4f3b73f526a74b0effe448342c1b92c4c,0
0xcb0548e43ecf4264989c03e3ad4d5736e0822d399ae59d982b943ca5f96cc226,0
0xf0b8485b864916339d31bff437475b7b41c04d167263f672333b8cd5ecd51385,0
0x6186d348baa0a0667ad6ff42de3d7800257f1396005fb1829274a244b26f616d,0
0x3044e0086eae71788a304d3fc364e2715cfadb251689eb219de19e17ce5c3c9b,0
0xed2eae32a6dfa6d3efc148a3a1feb9f7c9b780ecd0d5fa0554a8e2dae3063098,0
0x8be53454e1ac071fdc30101b21550822b5600e68a34e6077204e9697bcd84dcb,0
0x9a6bec45ed2975305c2e1711e95dc392c0d9aa675e08b295ac597fa948ebddc1,0
0xa9a7e1d98b834846019ae4b05a622b1c01a737e87cec47d70c1298ef7d0034fb,0
0x37cd32573b0c561fed8e799d269779faeb5a31ea4d799f8aae642a712aa64fe8,0
0xdc59b30232f51bd825e1fd7bcc3398b24fb99b77e16c3576cb6bc5b1b96b44dc,0
0xb9ac34a5b8a8abe44767ef0abe521b65f876ac9e57787df50d8185a678258c47,0
0xe9653d79e6cc8f73f98bb17a789415aebe59901be0cea996f1c935c601b65c48,0
0xb8cacd3a605ffee30373363f55fcc2375a6011d526f42900cb9f8b6b05f76705,0
0xe26e3bc470093934630b44f9d717ab04896547187c53522bb719a57bd069fd0c,0
0x8650c9bf5f20d5c340ea30fc1e54e56b2205e26362ad731c63766787643180fb,0
0xddd162757809956d1fccb606ab5002b36070e7682f01a6ea0ef49e2f0c3fa3b9,0
0x891f238f090af124db375963e8f1a3671dee2c5e7cc01f2660ba557fd01e8775,0
0x57dda195405f933f4b0562577044a1ee7ff8d966001f96a7db94f426e98a2ced,0
0x23ffd268d9b011ba80acb49ad8437b087a365c78e7d5635e68d0642283b02908,0
0xe7337559f277df35ad5e813c615d6ff075c5c8442f42152ce74778e650d60d2b,0
0xf97b84767507d32d5d382d17dd1ef677c547ef5e1cd43e04c9ba9e28e03bcc9b,0
0x72cd3e86937a5dc262b04edcb6666bdf1840549de3e162e12f87f4f73b4781cc,0
0xd4004a223ea7f4750401d846b52c4eb76a649a25f3543696baa9c5a867da6911,0
0xad0bc95bfcf068daae604a68148ff2224399b177dbdcf6264e3509b64f4f623a,0
0xec4307722479725438b42453fb1c4f22264e96b92911eeee15d74c7ad56472d8,0
0x0df15b8103d9bdabfa163b4f48301f901ebfc737d9f038dddbe0db7567994789,0
0x59ea7b724df49e83dbe2f8645f473895681d298904d775526a995f78038a4d15,0
0x58efcd0a0bf1833bca423e9d729a579bf3012e5a918193d804a009a6aeaba348,0
0xc91be2e2650edc3ef6227d71f3a66a8fcf4c5efdd71b3317ff56e9c89fbb8b66,0
0x5478367125110143be875e430b3a245207ad158ea6a065bbd21eb39089463e88,0
0x82607ef73e7e3ad317a49e2c7096e8d57aaf8e0223469fc91b23c84df123c5ab,0
0x12da1cf9f72dbf455615ba9afcc9c1ea64bb63cec6d4c5b22fe01301bc4d8a13,0
0xf7c309759c1b217502eb23eb3c8fb89311fac7d9fe2b6d84ea8be64995204665,0
0x37193d8b8f886127c91f9c93006aaa10c6202dafad58e47398d747e8798091e3,0
0xdc72268168fd65e63966365b461f332319a45c757ebcc87648c9f4fd0ffa2eb8,0
0xa3b4c57110450d94e8d7f837e31ad37383ea6f652530f48b76fc9f3bfc4e8eee,0
0x4b563681d7984b42282f67691345108494d751fdc8df00b719ff35b8b6770895,0
0xd7a58790fbf9d219a020cef8456d8f6f3be86d14a02a5dcb4a780d18cd0a8398,0
0xa2342c35e3250061e39ec64b0c62ad1062ca4c621f0fde52804dde605326f72c,0
0x90d497059e7dad9112f8348baeafd1bdd72a58b2f44f8ae5daf35a084579d28b,0
0x61e1292444a33e90e403036a56b1908e92d96736081fcdd5339a65f2e4a9d300,0
0xab060efaabc5a30289cd298e66f8c19797e792c3aa6013d5985017bb2f0891d1,0
0x459c9f980f599555f20db16f21569063d3244ade8ef0014a07eb7300d9dee9fc,0
0xbb688a7f51cec1dad13da2bd09b67eb864cee2bd5cc0195e29f91f7a764dd5d4,0
0x1b0032e304dd23a030874a683865fe87637a723eb5a6f11af8c63778c8ca82eb,0
0x90964eadb6f8b672782ab48cff287ad244041406604ec20ec5d0f44db26c2fcf,0
0x322f2b671b48c2f38d77fd474d71120816064283371c8407ca9d908d39871e56,0
0xfc20b4f1b034fb6d86091a512f653c81a455110b27c8c5292bb95dfb0d014203,0
0xab1bac27d422583a0fff05e89317235bb76ff02934789d5ad989f52d2087bb73,0
0xc623b70f13c915109f9130f3b7a186e7268a2c08017cfe1f0c1e5c006d0e3631,0
0x3b4ccf2fd02791462a67612cecdca358364ee30da1e21d8e8183c8f91d8ee9b1,0
0x4da6473ad27dace71a4bbe9b9d6514ee0d05620124f1d94d9b73b34ce9ebfc1b,0
0x5b97e50a3a7aab1c5dea9dd15ef24d1af4e984cdf3eb66b8915705351d76fedd,0
0x8eff3a2238f841869b8f6e4ebf731f895dab3962b5fb66f3b0cc55bcb35f1680,0
0xecb45e0f2ad7568d2acfe3dbc9eadfbc38efb7f9ad790f2cb4e57336a1048eaf,0
0xad618c58b137f065b0fef487306f5b2bf1f534cb2b7c6342e298740f4a7f7f1e,0
0xa6e6b3fab01e33b39964d9828f8e89d4239996e78a6f16ce89e14a9f901aed1a,0
0x9964a7f13e8c0ca12777ad6bd84afb68e4536b6fdc6225a861950262b4b6ea25,0
0xde64b4e60a9f08eb14279a99529b9b80968b0ea6caa3906b44f15ff729408016,0
0x9a7caf868610bdade5c4e1ef5267f57e759d735ec4a988c409eb451656803435,0
0xa19ffb8e48018750b11adb346f7cd61b6feae57f9320dedea8eec8b95d63e56e,0
0x9825365a923eda7fff76d47160fe8106521906842c144f54993cec27c9edfe97,0
0xaef9f2f8d13da6661f660e565f59ca9e2913249ab531fc1cf5df277bf4ba065f,0
0x7daa5036db1c79b59bebdc4865b57e3b4f6257243d7eb7f27179142d4a8ba8d4,0
0xe3697fb08f3f2b54c1f7221ec252323b0d551bfda95e69d0b345caa59bf1eb93,0
0xc4673a8b3a369b1edc7097a17d189958996543a7759dc90f375089f92c358cb9,0
0x9b408e0567c2dfadc6ff2813e960a6057b340d2fc68bc53ca454c42f8429333e,0
0x96f792698616af6e30fd621b70bc94e1081fc160fe32948b854f3633cc3d669b,0
0x91caf00ff9713556f9ef917101994aada23937f7018bee3a4a8840060ac63412,0
0x272e554a97a374873fba6f6ce30b26aa92ac427ac971ac5173b79bb2b3a70ad8,0
0x52b91df4a26d6f9ae5a59132465ff56efcc10d6c8e585b67ba3ddc57b8ce63fc,0
0xa581e74ea7d99a973b38bca335132fd5e35b26319d371dba281d53cd6a95507b,0
0x6c360fb468c595b7f0aad35a904a4f50ea384b5aee2ff21b6f157dcb89e4c021,0
0x8965ced43a6233a085836a607f90e3fca65f6f3974860b737a2719dccfddb2b8,0
0xe48b5be921ce56e59033f9c38c5968b16f24525ca68ad700d9ecb1a1a19856a9,0
0x44bda98fd85a8e4640249e685aecf4fa2212c27c8e50690a0e6b28c1421b7738,0
0x844bb32258b68f66811b53fbf56fbe8c7fe36a198095cd897e3c1d18824b51b6,0
0x567970a2d36b699334d6d87d21e38bd03ae3e433cd9ed5668eb62b7c3b4ec098,0
0x48961368ca8a628e17ea336b7573d7b06fad04b7363be1d1d0a2e235bddaddbf,0
0x3cb3b57dfeab0d56abe86a52620a6cf149fb97e619b282862358341a89992b0e,0
0x1a5d8ac4f99165d61fd957f5515e10ec50d4bd45ec6f73b0d474f4a99a44b2db,0
0x91daa845b3ae76ecbabc94ef34f4107444c210338b10b344b0fe91da35350f8e,0
0x19a9c46bd1e71470c51d9ca64fb6edf2c535dae92d23eecfd660730932557f4f,0
0x108c0325b6e42cca8d1e85ed15840dfd305a46d76af93670e43050d5029006a9,0
0x1ce1a4ea4755a027843adc6ea9f13e158cc45edcb26be55b194b0fd278cfc041,0
0x6dd02e990f907700e7fce72e6ec72e4742dc31d6113a5b6ce7d6683630ef36b9,0
0x51304adb3e24da0c71fea52f6ca32c41db12dbb6ce1b8efdf7e4647f655fc972,0
0x43da3514e7c1204bb866549bce1e783b3327f63f3a45aea705bf3a2863f54ed8,0
0x277ed1488102f2bfe78278e99eb2502a916ab3ad24c57e2223e742fdaac7654b,0
0x5c8bbcfc91a3884671fe9d51d1e997efcce78ebd6aae1a25a9d2333bb1332d79,0
0x1859e80628bc0826d4942dc55019cdfc0182dc07ac6b0348e8ef73296689d844,0
0x302781240053f58e01a9ffc00d5c6ab0af02219ad85ec779c83197930ac4404b,0
0xaf132d4a42573f4f0fd77b6464b33ab91f1c25dc7c2de8158d2d95740399a412,0
0x133f8eb25e4ebfa552e1b04e167a24dca759e917c0bccc2fd368763d07367266,0
0x5a6ccdea36323337db1cf3a686aa499c7a6d3b1778b90d1b22d1f9a5e00d29c5,0
0x911d633c15ab7bbc44cde01f6b0547d4c6ba2e3d1fe30ba55c627eb863af9d5b,0
0x597e5e10d0425cb1008c3478193c42e6909f44ae3b821df0b1bd8fb9f78b854f,0
0xdb34ec5acc916c27e5e9ecb5c51c1f6a53fb2eedb51a69d51ca55a7bd0b58461,0
0xabbf499f56dc265de875203de733d4b01563f6fa9439d7ffdd2cbdfdc73ddf06,0
0x020f3344339d3263f7c215edd5e68d93799f3a5e91b5ff4f9e13b369c5f3339f,0
0xddd103cb8166ca123a9434806332ad6cbbefd2f8ff06e9c7dc15606e0be79c21,0
0xae93bc62801270decbb8c0f0bc49ff81385f8fa7bc9792c64625bc06f07b6a2f,0
0xd2cdf131c30455eeeedbf27e89e4e775d3b7582692f708e37f85ad01192facb4,0
0x9ce133f28aa57ba039d6f3237afa614030a5d08a492f66c7f3e8d18f2385c57e,0
0xddd58b59c73d24ed0e1dec03a7f56aae6c900e44702e82fca2fb663fd40ceb32,0
0x7c70d56f8275c4e4da1ee0932e41c623393e694bc9f8036d77b794f4cb650587,0
0x71e991a905a0eaa3c49288c5ffff23b5a48e9d5722ac8f310feff4f5c52e46df,0
0x85ad91cc9367fcbc4f100e517f9967dc1f0ddaf869bb0e048a8fbf04b426c1a0,0
0x14747142d9c4f6030039e426d9cb219d478ff4214d4db70deb8fd5b20e43e682,0
0xa019ad7cfd58ad1958302431ecb5a77ce3d1eebd27f24be7244382db6802d866,0
0x6606e30678c14a79e1e755ab71ba887284eda4976004d19b134fbdf418d9597e,0
0x8691216129ea4dd3fb9ddac98548e06a91a3c5f5983bd4b1d1233548a826f139,0
0x0ddf2f77f9ccc81326c128d98e773b0fc4e9de5e14141ff73a869d5ffe284b3c,0
0xde089d17b18470403d8a787797949654f53f5dfdcbe2222700c19d785266eece,0
0xa519683316ed327fc7fa935dbb05fbfd0f3fb51742198df02da00c89e8e3a5f9,0
0xab4d3f86fc96446bb709e939dcab97fb7047c84feafced6f6938b2bc833707b7,0
0xbe1cc6de2ed9b038dfc05ca349c0b5de8ea3b8f38993f4e4d4b0b16c3255f700,0
0x713c4bc6e841982b0548712d1eb5b41dc7728250cc769faab94893685b98f061,0
0x15005049fc15ff82820eec0ec94de1f7b3f253c6760535a828f5390fd7d5e022,0
0x68f52c568b72fa6bbec87a3f4939a7b9e45843bf6e9662ba2f1fe7dcda83df8f,0
0x376fa200ee64fcc213867455d42415eb8b9e4fbac570250f660cca0a0f98cbec,0
0x218905d37175c8d7457c82b9e626ce46862909ff0c59f3deeded1436697c631b,0
0x16aa3d23366d3d4b12daea9fbacdd47d6dfdb42e723c972105d078070171ee37,0
0x597e57b4abf5fc7156d43191809814e25151b235655f399976882a78eaf3f179,0
0xdef937c1eff4b3f046ecf91313d4a380952cd82d98983198df64cc7ec75958f7,0
0x63107f5c2a35d16bba2107f76879b423ad6a05758cd3e74eb8b6ec411ffd0176,0
0xf0a954ec83b85445cf5f07b9cbe20ab6eb82cac20d76df7ca4631e3c86de23ed,0
0xfcdf842d7ab5e601e176663c9b9f1c540db43e54fac2043777d51b11b2f25833,0
0x493031500bf9ec88164ca8aa5eab01d4f3b66ce45093328d9e53babfe6afd2f2,0
0xd8c8694848cf9af5a9ce72ae9b3d1943a3963aaaf93ab44cc9320c21179fd701,0
0x1fbc9837ad3924970d944a219629293e7db164242440b60ef17ca06c14b76c2a,0
0x8c7c14583df09edb266e80718992318fa1abfbc472c5d6f8f3e227620841c428,0
0x12355699a5d4660e53be1382348aed1c8992c8cbd88755a4b3524bfc8dfd237e,0
0xbbf0e7c5be4426113cbe25e5434f1af9687037859be028c08431a5176b26d1e9,0
0x95ae95efe8a5aba833cf3cc83ac357b00befbefa572c1d581a34a2f9d8820cab,0
0x4ef0fff1643aa94db7c5b1ca1a3311dd48881fe88241f7b98d8a181d68f4789f,0
0xfaa130e73a031be39064435b1660f80efdf47d181e217f11056c6a461ea1d38a,0
0x94c4c16c34cee111e10b6ff4293cdc4a96ff562d0aaa3a311711ebd5266aed18,0
0x35c22959752febd2cc91c73e8e9c1ccbbfdf7217dd5b0a5428d2ab825dc9644f,0
0x43729e4e9b6cea09f63023f657485bd7cae3a392aeb117c7c9a2916c6a1b5af8,0
0x616138a8107951a2ceaba1f8998eb8f17d2d3fb2c0c51bf07c475bef9089782b,0
0xff5a885e02a36d53c2f24a1d6648bcbd8b6a4bf81836ecbb315dbe6b6cec304a,0
0x6aea7f4b270c26c185cb6f6e6e2dd3abfb025f3c17b1fefd54f539dc5f0b79a9,0
0x5811f1d0140db453bb1824ae1480dee82cf05bb363b6fcbc41422404b5d6e5d6,0
0x09ab8735ed7c81cde099cd6cc3b7909ea969f4aabc0181c17b6cf2ba73ad33f8,0
0xe27279e529297e964395f88f2d8180f51f5e95349e3912c65d9a6a3f0f39dd31,0
0xa7ca1c6ee01662b5358ea5d65a4851930621bc627c371be0e6f8658a37c3b179,0
0x09b94656e5b4ec29fb714cc62c66106e80472a71f77474efa6f70a83370ab793,0
0x88b68663d9f9789cc9c67544d9a460c523ae3d64c82b067b2a8fa02b44d6c017,0
0xdac1b81fd003e5998c5e036538c665127b7fdeea06076c507621a59dcb6bc3ef,0
0xcbb4a429a53791c9473ff2b39648ba93450eae9b49949ff44a8aa0334f20cb0f,0
0x86aa051f482cc5975bdd9dc1b92587d4ec4947dc0c2f2ff1ae3c7be885d3f5f8,0
0x1c26cc2448002e8dd30e458b426e9a88876162b9330cb875efd182e6e762662f,0
0xfa271583745997fa5a60767c5e89c1c61f4cc107eae745781f391a541fd953cc,0
0xa774d5bc8a6667301f3bdf1c2d2ca82c98f29956fb8f4e6c8b55e72d8c1bebe0,0
0x1cd259d50246909c348597af2cbb143fd432008cf8d72934661fc3f1acd15cf7,0
0x23f012877d031cb49f2ef943e982fd92b9ca442e767755565af35174c42c7576,0
0x33077fb8d2196cc5fc0bcd3e63d577c945f4aa46115e752a6c90f07620020295,0
0xba5b06cf682c2e2a91c00caaea800cf7654cb1e99c6bc26025d19e6019dc268d,0
0xf75cb4de90647b1248fa4842d59abcfd1b9747fe3d85ed2fcfed137ca7bc2cb1,0
0xc2bde55eb46cbcb4af012fb3c63df88f718d5ac4d0d97bfa1ecfcdccda317a80,0
0xd0500504326204e45a3f56293adc3668a5296c823d4ed1817ca56c41da1fd363,0
0xf83510b47f3411eac8410cba26a5f06bc55e59db19a4bedbcfbc55871f819342,0
0xc53460d03169e3ec4803f27d192e4dbf4d98c2d42130eea724efe0df9e13a1e4,0
0x0e1240414be1f9db8120793309a4eda557576198988c8412e011e8fe07707a1b,0
0x3af502df69f18b08a56f3c9fd6c731f860d9d24f1f053bb06e8851f07c8a4e5a,0
0x8a8bddcd65d59cea5adf9cba20750b924d5134e1aa98acaf89898dc2a1b96946,0
0x3faa948101bcf08c3448d611ccfd7798b280c0b751a4335c32a06d72ab4b3268,0
0x70eb06865a97c64bab6b571d555d835d9436b2b6a441a414b696f8d17153c6c6,0
0x21b7910ec16a782b2037b2fb5c977fe4e3fbbabaa567f485f6dfe303799b2410,0
0x2f713b29a8e6a04799499553a44fa1c3c7e3189dcb2db29b2879f502537eb234,0
0x9e9a6451160ad3a40f6581db58770675877d1f2fd78c653abeabbd32b6e9b2fc,0
0x008abc1703f530dc32d5b189702b9e770ac494f4f5717faee6de9a9a8f73b60c,0
0x0443d4cc410c1d09236e4003bc7be5b9e51153cc0b0199fac056ce24a9b75699,0
0xd5534ba81a5a843d3d2ad1b53729c03a79ae66f11f8011f799cbe70435473905,0
0x6ecab604417026d1cae434f54b84d4c1b07020b29b5948c26b5a0e9593ccecbd,0
0xa21571cabe81de507ee01e3c69181b5f9cb424646fd798c344e374280b05527a,0
0x0c7bc0c696037b49c1d074e41afd41086d687578af3cdb5ed215621f00117626,0
0x7ee1703bf8ce1c8f4d74112b048e1e1dc16943d5cad2998b4f17bc577a2ad4aa,0
0xddd1514689663e0fab664ff92dcf06f6b7fdd03dfe320cb7ee9265b510ebb88c,0
0x76ca58685df6a5a4db14b0948eaa4a26ed67f9a06aa65fa0cb90c206adbb92d0,0
0x73ef7ae3767feb329ad5f1667b592b84649b9b8dc7bdbc0ee46a4d483f7d9b32,0
0xec8b7a5e9e1059638af7412247caba53b497ccb4e69d41cb44d1653934c64cc6,0
0xaf0f86ca9d53f582d8e311144ebeaf4f509005bcbac1d01f082d5af857aaba2b,0
0x718e6b7f147d62ddd2834179234bada2b77037432016772c358fb7479a15c657,0
0x3c7c1d0e5875e7c751e00299b37c3459faf9e491027aa2fdd247beddccc024b6,0
0xbf1e97bb26efa979493cdf877c16d9a5ec314c6d1d5fe636fc522bd959bb5f5a,0
0xe12e5111cf852a315b0d2350b0e38ad5f085461e1902931d206ed7d895192a18,0
0xb77b27d30147250ff6460de1bfe1f794870e4aa3811e0d2fe870c5446e875f1a,0
0xd27a7cbc5e5cdf5bf5e4226be302758f7e99981581c8477d40284840340fadea,0
0xb7ade1955304d58d78453ef07173d6ca491a6ed7c174f4e5b0655fc2a5c5267b,0
0x371a338fb117478e0eac03813f641cd1d446d2908c8676a4662254785da53e58,0
0xfc05ea387b76abb648c5c7cc58c6bfe4848c1a334a04d1027a0d1344af543f92,0
0xe1885298461251912462b7bdd99759416690ee85cb822de164262dfde41cb15f,0
0x35113c14611827c4b9a04bb0a0046bc0530ef5ca0c9081027f3b6e3dda553568,0
0x05696c6e455411a724cc69da00312f9e57250e88171d545639edb82e1c096926,0
0x232098630cfad4734812fa37dc18d9b8d59242feabe49259e26318d468a99584,0
0xcb2add8a9cd13774b2bf2899a9ef55784e0ac03371f148132260491588d259f1,0
0xbd34dec2a1d418cdb50397537ad98b1464a73834b5b71fea940b695357119793,0
0xe97b5c03f9dcf58e90e372d88cc471d6731d585c0d81cdac308a937cca50f57e,0
0xd3eb8fdff82f270cd06841b00a3b932e78f62493ce1f659754ec30dad93585f4,0
0xf1d3c9481f2f1d5b5e812a3ef492b6eb101d81743249c22c0dc7a6b5d7a2b682,0
0xa1b6b5179c51e813b39aec206a323eb508c68fa3b44992cc709f4c88bc125b5e,0
0xbf210e3a6deb2a044fd6581e72557d2b53a48db8890d01f7a539da8b51372584,0
0x85113a29743fb6827d0b9b55176c266eed7818b3d98ab78669dadcde7fdd1096,0
0xf71ec266a19b04a911ac791668682930d0b9267c1a206a24301f7fa72f0b6189,0
0xca08e0187c3c1e3d11ead9b37aba20eb4997b387712978dd973e26df9ba69b23,0
0x7fcbce807ef0b617c98e8bc2a8b04c8b6b640607b0b49046d7f715944f6c2027,0
0xa1632484d230392e2791285a6711ab807e66f078d71bcebf9bf8b83e0c827d75,0
0xd89deff75a75d500f454e1fe277d34899b5b5d75f2c3742526baa0b42fefe5ee,0
0xe9a406cf20a086fd2f45d9139104c63d2cbc3e7437e1545c100af6ad1e93a074,0
0x4e9c9c12aa8c4c4bb37781829809b36ec7581e7a4ec976ac3d71cb06db6ad10a,0
0x596f527b68dfe0b7cfc3f92baebf4f4255e8aa7d2b2c15ae22ffbd134ae74b9e,0
0x4c8c35600d1d02d74bf05ecbf3a9ea40ef4d285ca74c832bf3131025efee1239,0
0x122c7611ee76d9ccc4b514e29aa28f0f568c6b9a83ef5a9464556e20b03aed5d,0
0xa7430351d02b6741be7e05041463d89a935db7e8dc4ca2dec9d1cb088fb9e199,0
0x4b94102d028a3184ca96062d78a9959c1e605164b304e87af740ef5dbba2fffa,0
0xbab8526a9eb7403a444fcc1f73bf02d8f94dafd3c88a02b5736a1a77fafe4169,0
0xbab8526a9eb7403a444fcc1f73bf02d8f94dafd3c88a02b5736a1a77fafe4169,0
0x8fac0e97126b5e91ec98a3c614bb0d864e7939790f7a1045677bc15d14e4a48e,0
0x69145343c6f9afbbd7f00de4748dda22f2ddb1009df06ed122cd7029d638af9e,0
0x2f46716f1bcd378797807ca757bff1f8d4044000774a6902f1f9dd90df56269a,0
0xf9cd694ac02e2b0fedaf5194a3daeebfd174f2fe0805ff9d76b6392f8b8d4c90,0
0xcd4f2f05bba793d82c1a95ea409319bcbfdb4dac82cf293c44032a435b709d08,0
0xffca2ee849b95ddb739daad6e3619f4b99ff1910d2a251ae35513b515078c0de,0
0xbe8cf3d38768a34178a8e2fb52aeeb2e41da8065a5de78c394438553385f0096,0
0x2c9e3af77ea85373cad56e7a2427f5d73c3560945e2329be417d7b87fcbd9f90,0
0xfcae15d8df96c0410fc0d53e0b42ff85f95c526964830763d642ea76a09944cb,0
0xc757617a79fd56f89072718b254e37eb76d513d0290bb9f73eda46f6b09398f1,0
0x8311ba9a9a8322d1bfeb47f7038e262fc5b82af3ccb5ab614dcfa03061170f79,0
0xaa01c292d24e4f3c4b91094b19756dc45b30ba51e6bfd78019b379b44719de12,0
0x87aab37bd7a8dc32e803c0f6afff8b09d0b258e3466a753e7b7a388374cb330a,0
0x9419008a5b3f03a3e6db7a6027956658cfbadfc0cd7157b6f736102cd676fe59,0
0xe750a3562b93293f19f2c5f8398ff8ca8e7d1cc3c2e1813e7a041285129ef1e2,0
0xa86d9f78653979e054ac88b03d8e70f66974c7bb5f2b6fc8e622cd937c11cc58,0
0x1185fcaa220f25229adf43a0b6e4ed9265e19145a332ce2432dd54f3a27fb368,0
0xf8b2665ece93bb22d9e2a4512b1920db83c3af14be8e3befe853d3f6c7aa12af,0
0xdc942ba9244a9737bf006cc04b727b6336539ac838e0974e13aaf1fa54d0631d,0
0xa0f6c461b3919eae9d9bd03dc56b50d9588d5ce77c4b9a78222599aab7179c4b,0
0x228e849b647fd222722d0b770250d576f23124584b9ae7bc3b8922ec3328cf5d,0
0xd44625185ac44db7a352cdde86a55e89d3ef3b5c12441c6dca4db18f4b4d6ff1,0
0x2d678c363c31cb1efc609c43d4d2f566beff9bb4b318fc45c78803681b77f126,0
0x7a777925cfed07c9b32b88aea3c54504b8cdafc1a7989b20284fc2612f650148,0
0xaaad454e5a292c119bd71086356ff478d3e1c4d41a64c15963286e1be03de090,0
0x8b5d9525168ad7b58923f804396e289466a1ba7dbb5d16c564cdeea0fcce3ab9,0
0x50ba8d358536a6df7a4c540fac432a9d027748dfa1af052e6c6e56a5c7f2ef9c,0
0xb6c56434287c2698cd0341a9673872ed9c4bb4ff5eadc9e038e4bb199650bf72,0
0x99d92979a5aff3f0cff272828356badc7064b60bcb835f60d6d30cf0ecdb8903,0
0x0706909894d7e38e7e6749c064c196744e0b4d7c62710c2e123253fe50f802ee,0
0xc7125d9307c47b2c5feee5498c1e6f984f160ae2d74b80df6e91cd9e15803587,0
0xc657de5a036e430145c06d08525b072306f08f8918ae8ed9abbbe9ef7fda9e77,0
0xa2e79153e9572b55d9105be710603c3713f302881502e2900ada669f206bb217,0
0x418cbf00c7e372ee2268fb912ebaefed3441ae635bd885d1591e804bf6a4ae45,0
0xc7a015c23a9a74700f03777c3c8f6ca32700e6fe1420d163cd7ad8714353081d,0
0x5ee2552b2591f3b90470196f6ed639f593d39e7ea8f3cd3159a41b54c9209bc2,0
0x766ed51f83b1ebf25a3c437e94f40107c28708002dfd34cb2e90f09f742ea9c5,0
0x05231ed7430df8fbfe3b12144bf8ba4104d474a7bd7eeb174b163f5fa27597b3,0
0x637b715025a49cd81ae273de4d2fd9e0928efd8a95d0827f50a3e2a9868ffb59,0
0xfe9fae024b19cd32ef6536bf48181ac8ddafa2f76dabbcd9eafd573293c1fccd,0
0xc1538da618217ec2370b137195658b21954a06907ce1decb6647caa956b2af4c,0
0x224e00162a9310cd957858e328471b22e808a53244b1e9e9a92c16e94bed760f,0
0x6fc0e0db9b80925a2edb63239d48de0c8884a6cb58540e95ae30474b28a9b67d,0
0x50b57bfda56edd517e50c25b611a91a2b599fb635e4b4d08b8f8703e34b043c3,0
0xebc9bdd9a254a54397f56e214e34bf8d61c451f413162ea609cd7f6f42dd0a71,0
0x307ba04700db702ffdc1432ee756924c5d649126bc3a467f0f3b008b7e7ce8ac,0
0x6b13ac8af6993a87f19fd3cd2c6b31b7cc24ac846d127922078cf8ba888c7c23,0
0xebc6645bdfcbade59cedeee05967a4997b172297246a2168a9a9aab0460a5dda,0
0x03f112c4b26d348126fa8395bf1b7185a2a69bbcdc93522942df4d75d20cca03,0
0x6580b3004b01dfb07defea89c877ea50819d4dc19f255587b54d8f56edf2dadc,0
0x6a49b730f8474f286a910ecd6973f5ecdfb9b8f06d04831a4960aba2b5e58c19,0
0xbc0b1334323342a0d41fcd6704117a336d6659a63ee634d9367945b6c2b2dae4,0
0x932b5b96e873322a7ea1791323f41e1dd2f327afaf798c7c23391a30007b7805,0
0xa720111403ccc18055b8ed89e57ed2f85294a4950cd2c42948b63403c1be9198,0
0xbb381bd1dd401b4c2f2a60eb3028f5643c4363bebea96b02a3d57cbaee658712,0
0x699b1fe83796492513a17f276607a4d3dbc250ac26e9d5f455ea790776b6337e,0
0xefe6e81d3ec7b23234a0958a0b9720783fc76b90fcfa68a28cae32febef5ee93,0
0xa69a3afe09b9140da4d8f35f292e10434f4cb5d6d20dbc924a79df0b0f85a5e5,0
0x92580700887374bae44391d7386cd9423d3604cabbde5f3216e1135ef1916095,0
0xbddb24f8b97e011c2c169e01a54edf3377f0e9562a6023f919495f479a361753,0
0x4cf259f4be399774288d4792aa561133c4d698c7372662e855291d72b64fc762,0
0x84dd9ad03277f3b8757dc729a406b95734187918020ba27b29c035b1e45e581f,0
0x330364aa808147306760e4eb941cd47ac5747355282a130723d3dd29db9a4068,0
0xa8c3d4ec01aa0bcaa23bac67d0c3e9d5df2d9e8b82a01ad4f8448aebf3d9a961,0
0x52b0a284c31921e21c99c7c304d1ea3d15ba751447aa8abdfcf0bff4f43e873b,0
0xc5b2102bab405a60a6e5799ee8b9e70900d4450f5c35803acaabf0596074060d,0
0x11ec35a1851d229421e2ba74203010470b08eefc6d763d11c596caa3b88db022,0
0xa69bbdbc9d675f574f1f302270f3061bb94b5094b484b808483917e9a827979f,0
0x960881311b4c51b7a2c05aeb3b7a7b29f73329df28b62aa5e7fc2e1794673866,0
0x8226ae1cb72eac688f30fe06c9d2662201fd27ec38cdb7e9cb616bfad5ca3c62,0
0x806d60ad820e1c57d23a388c6d5156e84002ec64a4640fbb4b82a459cbce6d77,0
0xbe55cf046c1c0a1effb77d52a91ee2318d45677d04aedae91bce93961b69a8a6,0
0x4fb1b083e182182920ce168c43de6473f78e97d2e5098b8092714b934399a404,0
0xe727eeb1feb09b61947abe479aec85fb3181d63491f504e4daafcaee742ff9c9,0
0x0090d755b0b878b303f57816f6965394fce0946c099890879fc6be6300c6a84f,0
0x78158770e444f6289e1131c282201168422099464853912bd3f08af2a5b87583,0
0xf9bcd4387fb21abf1530b351638e6993a12ec3547e87da5a35ff41eaf9074bf7,0
0xae80b72545796d661252ea8092fae226563be988acb2d9802d94e5e59c7a9dff,0
0xf3134834d83476b29eac7e3f90c916315ac56ed1347f71be34d8a921ffbfdd4b,0
0xc86dc8403fc87f19493ce2c5c975dd992f9fc4bad5dd9c2b9caeefd2fcdb94ac,0
0x8b67865b1a8e73a4792e626e82c4fa1a002f37f2836202320065de30490b773c,0
0xfb94b212d5bd055de1b94d3a3805cd3908be63a86d39dbd25082af8e6dc30274,0
0x8604bcc57c6cb40401813a755790696c9b0509ddb5c46159cdcb535778445448,0
0x20e9065d581e2ad51e67ddc290dc022d54ec0bd452bd2bd172dd44012aa71e11,0
0xad159b383cf6850e8625e40aa7592867c7e87462e453cd405ac64c574439e960,0
0xb66afcd4bbc9bb5bb65aff2feb41cfe81a8fe4bf9dd2a608840bfd7cc4907000,0
0x9d7f5c659ff827e0d9c50ae4dc9160bda4bef6d7794bda6bac616f61a7927de0,0
0x111f5b9a5a543b57cefa44366bcacb32be6825f9dcc8a02930c948927eacf8d4,0
0x5eb42332a941641c87778ec072acba28b7078dcf8ab5b99c194226d3e5bfb9f6,0
0x75cd87cc83d2ba19a66c2cb3bdf6387fb04e22e2b80fe6840ea7885806515aa8,0
0x7c6121458a86412796cd70f5018e367091250f388755c7af81754eb90a21b666,0
0x3bbb8f5d8dbc6cff9e0335ec1ac7520981d26d102de7ccc09f1a46b8d9fd46d4,0
0x7902e795c13bc9324de1fb01920f005d3c55264f06e98953072871e8b542e215,0
0x53badf613b0dd93cba7983dfe233e53fcbf508afced419cbd1ae760c30dae3a6,0
0xb899774f032aaf27ab2a461d5683ae4af9c5ca26b620b260e1abde88856a7672,0
0xdfce244585f4c295ca3d530c486ba7bded3b39959bf75dfdaabcafecabe62947,0
0x6473f5904e9ec576bbc121428c7535dfec7f28dd706666d3909d4203ccddb54c,0
0x916926a34055b6402d115dbd5f6b8eeebad4ba70d775e0e6da864f3f919b9100,0
0x67b5fff16f5c0a1ac9eb6409da1fc98899b75e28902cae6a73b8e4b1047976e1,0
0x9d076c6fe2c4953d2bcb5dc4cc25c0b28a5e07b7ae6a3040f4895be60e3324e1,0
0xf797c74df9a3466fef002270fce242362f9957300cd79d348eaa179021376654,0
0x06dc03c31da394cef1469c953dd16e5c9ce4b0242efb3c9b22a832130be9838c,0
0x2a518939c09603ebf6d7685ea755135152a059685e1c4deeafdab9f0cf0706e1,0
0x82758cdd93b9c03884f9f59c024bfb3ba4fcf92e6232788bfc004a8a7268a74f,0
0xd857321586feb30e9b563fa9e163b361da76f37e76fb02365d00b60738017594,0
0x26b5aff77725f578b1a95506eebca20d6a212c589d92e4c213d2bdad29d4d5e4,0
0x204f7950c35503b4679a02a8e2610cf2c79ee6195a27066fd0f8a14ec555a5b8,0
0xc2b2f0622145d5a2cb6a44570c086a71e690a6d2a988270c3cd9cbf4378b931a,0
0xa69a4a961e1be8c9e58a090cee7110a5160b5c557030781fa39a0b053b5e0234,0
0x15ca0ddee3416b0d8177c0cce554f140c99a94b72e02a55a55fd2d717999c39f,0
0xe6c06a53038e0395ff0548f7f4419c9065d9052fa0eef2a0654fe81c83237257,0
0xe6b671d9e4916c1f6f4e68d3450849d4c9cfd15b7778b64cd4e40da918bc3ddf,0
0xe03beb44b9fe6e9c9a9467e0eedd3dc11dd1cdbc4b7a59a8393d584461a0f264,0
0x429f87ee0b0355b93b9c4c56fc78a4242f1b7f7a5194ad1d3f65892f95259102,0
0x3f09e475726d10ba78c7b344ed50707614c0f1a4e934b20b123e08dafff03aae,0
0xbefe8a985660093548ea221944de1fae0201185a497bb63cac4fc26aadf0a0ad,0
0xe624ad8c00e2afe9fd2c4a19f1f2c9234674f66ce688807d5dacc4fe58033381,0
0x8672a1bda87e15b08eb8d5fe7eb801e014abc3949aabc1eab46f19eff46685f3,0
0x41e41b76435df596ac0a98c0c2c4fc4cc1b72f400be701dd10b2ea476dbdda49,0
0xa97cfc201798dd8c091585b570610c0051df01ad67fe4a4106cd757229bf6f3b,0
0x0d355779af06a256ac570ccb4a28d68d615af483777203d7638301a63d528508,0
0xb4fea3b0355d857fd2fa39346a1df8df7d924df7cac15be66b42a7d7045c2ad2,0
0x1a58fa873e056e07496783c4243fc94836eb39376455a1a7c34bdeda0186f39e,0
0xbe6fa5da20cfab44ab5cfa9692114c53911ab9ad59ffc8d2452c222510e618cb,0
0x9f5a92ad80921cf7b4b88474ac6d288c0be095100c87c78e5b15282e05af8483,0
0x804f8efb52f243c801b453147157b1e0b3c88d1f85b1a0f57379c4ca31ea896c,0
0xa626b6cd6648dd1cf144a0b2478ff2a9779fb53e8fe68b7bc86807185f26a7f2,0
0x21a4193f648080a3e086efe115148b2b27713b435053bb11486f10449a4ebd89,0
0x0d0bb47ef2e71c34a4f3f954ef15aa1f76f482d43428eab12ae2ce07e1911db2,0
0x38ee02f0a87c6eafceb34cf62af0fb2055f14d7229958d36e508ca76ec58c0ea,0
0xfa05c5c9f0c4b1fac11ae7a8e2ec00c6b4fe035325bf3a3263ddfdf59d109966,0
0x726955ade5ffab9986ec569ae4fc74ce53e6ade3e959234b1a08b12f2c23c1f4,0
0x1acf4124f0282b6004aa8f9f92166d7be557b5bef432f9786546c57ce8d422c2,0
0x882a388296417aedc1f93cabe199eea5b0967a6e5eab564c0b222e0ce99d1579,0
0xecdfc5d04367a3832a7ed65784f9a166ec255351e22c448ea564050d27d95026,0
0x40830eb7666b12ba3ced70139d30376297857b6974b404063340a46fa3655f04,0
0x0d5dfeb30039f7847576818c028f07b03def902f249f4a6d76ca84c4f6acc720,0
0x3afcaceb0807fe1d62a1026a57b957a7e76d6b6c6b934a3704eecfc09fbd2567,0
0x3700560ea4f473500ed58c474640f23025200826c62366dacea7188efcbf7984,0
0x0d753368f1ad6f0f7dd9298f2777627750c30f9c88c814c3fbc9c384b1d8f24d,0
0xaeccd7953ac17b1fc02df8aad0b1eb5482f92ae71e6660fbae6bf3e4d1376761,0
0x572a7de5851a727e344958812693ed2636f71e5928f75e352dfd7da4718819bc,0
0xa974caa0d59a438159dce99ae8df5e46f570368fdc049eb09508d9029d5141c7,0
0x4896caede2a06c5dc66cbc35986c6282eac3254f87d9ffef249a963dd952cf33,0
0x62a2868847d79262280664745400b1c4eeb1af89b80376681502c699acd7614b,0
0x2652bf60016a8da7f7038cef05971349014ec5cffff27616acc6577ffa3b58aa,0
0xc97b90c1dee7920c796adafc8f834dddf33eec67835ab8200a722ac7ef343609,0
0x30add54b907c32c1495bf3cd27195a8f21a4622d2ee2af6f5bbb8ba63eb23060,0
0x2706b621da8216400b30f61bcbf9a2fc150a909acd4f50261d890d5658f422e1,0
0x43ce1c32c14ab3fa850f2e346f6a8ea8b0d0df3028aa88298da095b128f2859e,0
0x71e95f6874a00dd11baa663d35b972423fba729ee7952eb234d36cfc8a561fc1,0
0x9ddef3c5e481c2e55eaf40d0aa336413f12572260f508fd14fe7f0f78a47b535,0
0x928f7f16c7edfd6cb6f76d179c260c9c65b8f0022cca906e2a429b27aa3d735e,0
0x46def5f5cd26c2e1d58c9a657f59e45e60e879af03aca8f7c6917a9122e26cc7,0
0x23cebd07423a3269ef63cfa0df6acaabc2bac4e61641b60cf9d5b6a9f8ede8a0,0
0x110c0e6e7192bcc4cb6b4e1dcda49d1366c44f3f0cf17e18e1cec5b93aa0ea79,0
0x562d1ebe0ff39e867be7fcc0e05916699f46f08da31be32eeb77cf47f440ff61,0
0x925c3318a2424dd4688f4fb1cf42985dbf8dc2195c83bc627fdef868fb3ec02a,0
0x91c9ba6eaedb8b7d25ed5a7b6e943282a2c20252c50b9cc7bf680a34e25d00fa,0
0x32ad730da57345dbab1b4274c6e6d95795a6755e06ec6590dc8250fa5f1cc2b8,0
0xb6c29836ae08ef902f7feb785c0109c9e89d6c0ae3b9168be96e62a7a09b65cd,0
0x16bf723a59149ce04fcf191e25d75adfb7a3c77bff01b5bc4649d1c5d50701b7,0
0x22076218f97811c96c6c5d97fcf9a3a96b138394ad3a04295ac7d62a2025aa86,0
0x866047d4e44a00c8192c28f04b65c740c049eeebad2e70db6e8fea0dea46f231,0
0x7cda03868e72b422f27402be70d5bc182c7ab3bdd10fa207589bfe6fcb21f0e7,0
0x4a94e69aac1e6352696ec58c94de31726eb482a719f2364f8e3886f6f8b5e0d1,0
0x20823e38d89c4fb867dddf3d1a4d843669eb3a622f2227db42e18f16a93e855d,0
0x53ec462bbad22490e10f2f8de255e8236502de128783767506070c3b0f4df7de,0
0xb1c7f69efd0dadbd03104cf9fa512461b8b4a61d6d9dc538a75e71d5d3b57d86,0
0x04b1053b9ad5f1c2465212e74312aceb8bb5282a72ba290486cc1a92fe2edcd0,0
0xddd0376e0520c42fda979834c2ad7c72fab4ca7868c9e6916741a07c3120d298,0
0x8b565dd73a72685c92c3e9ab2846182082fd70a7285ac243cab9be03bb1a9df2,0
0xf5f30d40dab76516fc060fac9503a5610b7d4dd8a83a57612cded382fe32e054,0
0xc2c96970d0ea248f6a0a8e2c81f5b9e6130c8cce5ce22b751d038ff88b781b83,0
0x31634c64c74130e8045f775a4cf4aff71500e473238fded235b08f32c01afa58,0
0xfd136b84782042572906f7a02c4d5ded7481db0eb7f1bd70e69452a681668191,0
0x4c81d439fb902c166a3019a6f7da61e3c0c4b5d369a9a87cff6946283d41f48f,0
0xafcb0c5b9f3f02e5d0475cfc62e69486e837b61b1fc23d110414779a91ed3cec,0
0x9f0d70cd7ab3988afeaee02301774aec98fee21bd421fcef78c7825e1ea12dbb,0
0x18a78531a6d8877afc5f3f66ec7e9bcb060f3ce1aa3f2f8377f8ce3e20ae95a2,0
0x8f5382d3e7a4d0f58175985b2df096cebe6ca1646d6e68491daae5eeae9ec8c4,0
0x3bd3d574d5cc88b77939481cf4ad759e19ea4059496bf5b831a006cd3d6de8dd,0
0x380b80665d1f8a080cbf81436da1d8e8518c62bbefccf03135cfb1d19fe5ea22,0
0xd58503f8acab59fec0287bfab17080ffa643c61a74edf9d9fa1b50c114a28bec,0
0x766085bd68677aaee2c623f2ee5b1ac9f63fafb895a1f507f6b5942d41a185ff,0
0xca621616e3279ea3c4f5f6b72fbb41deebc187d79315de4b4508e5f246b39a43,0
0xf4d2ea5ce1e43ced9a519ad1e97d2f1f7f00fde53b4ad82a4c6c879ce47ed671,0
0xdff222404a9f5b7fb8794e80c57cff2b8f74d445cced97b40be143fe3786508b,0
0xad500a5eeb0055e76e8c52b6eb7a7f85309e3c8a8b374545fee096c2a18222d3,0
0x5b470b5a9536d94da23746acf069d1d41e45e2b01605ab4aa1b3892f6cac5f5f,0
0x16dedd80662d620f471831577dc2f93970bf410c2bbbc802ab419963701a6c82,0
0x1cc4624a2b3d626d35984cadb453846b28c720f1d53e9cccc22408d2e50c2b63,0
0xdec9d049699e8bb8c7ee19b47c4479e012bfdeba62bf8c5768d3d859e30975cf,0
0x695061d273dd880f6d3b84314f02eb5c49d4175ab2904f6bf7a9d7af0c38cae5,0
0xb74c25cb0cfdf4da0b0782eee9129774eb83c3cfcf9157bf9c24761fbf246493,0
0xf4e039a46bcf7cd4768fa15e3a9a1eae10ee3c52f8c77c2462b18d04d8ad55c0,0
0xd24d8ec6bd525668279555d62e86114a54b7e61c4f435300da6585a419e78f23,0
0x76b7ffeb07a194c52946cdc4ce6d0d16bf713f425d03ff4e20ad114c8d868f40,0
0xc9cc56e3d74d96ac8a40b614a825ecf311af175aca135f210ed39991a534e40a,0
0xa0f61ecd342832344e7f3fe9c4c54faa2b5745087e394d3baa68ef6345f04c2a,0
0x5f11a33357757dfe3d9dbf9dd9fd46b867e0446fe73351c4b69e54a87d0a78f6,0
0x320ba317790a781add92ac65cc02680f8f4fc89a3710ae931f912b2245f589bb,0
0xee3b9e42ae10b2290d7101b8f6c19f28df9f75fe333a8ef86478a5affddf3430,0
0xdb216543569343378dbef8a1d31d2a189b219176540bf9c7614c12580d0f71c2,0
0x2a975ceb15979577db54a0c1ff227ba0807c977649dec17ca0e523f0e1e81f7a,0
0x69b53b0c1b9856e67a2fa47ac59cd0c422a8c6371cc4d12a97a2daba6958316f,0
0xe67f5384168d621b0826799fb6d072f027d90bf7a17d859ee66828c27a539607,0
0xf491cb1c4ee1632ad7cb88484278b16475ab314d280fc8cd03ba153ecc7ec6ac,0
0x603a043987ea62fd406eaf114abec5ed0066d4c2452214521ed783056764c9dc,0
0x45a0415d2d197739207d9ddf0b719ab34ff1b1454e2cf8b9f49ad8bc879ef144,0
0x6714b09151d9edb4a0b5205733c97669f105764b072b451b5b11195c7c2cc8e7,0
0xb4428ab492155a314dceb82e8e0b47c978366fe78ec26bc28e9f7766bfe85d85,0
0xea04d27aa2a60ebc472fec5be83ec1b1e9d95b660895d4fe604c60eaaffb6e94,0
0xace286ac04dc30fe85804c903d4f917ccea64551a5d38942b0d2fdd58a8e963a,0
0xb14c8f3ae19e5132a70c936897138f88af861b1cb60cf214c86448d2e8f32948,0
0xd00707af1fd60b5f5f188d269192cd06b56b5879740813874ffcb41c149d642f,0
0x8ae8e61c48e89dbc0fdf659771da9aa8853269bc92821939ceeef663bd3a1a99,0
0xbfc839564a226c2a0f8093b108f33adcb10b68e9dba4022566e3d022e4a03af8,0
0x20f1ce08c85cfe85415be0b4df602abf616e693d4d990d2d7bf751d46d1aff39,0
0x1b4da205c1e32690642d68287c80a0d7031157761318aaee0492c5d1b8036631,0
0xdbb1b923198c678e8ba7a58031a8a9cd8c36ec1883239a692768d002cc56fb32,0
0xd21892a19a1257dd70e9efe788c943148a22ab0370cfe41e57cbda3e03787c99,0
0x56d7664c51f85cd70b75780ec81ebb52ba0cb9a5e8f9ee9d7d6d146038e21d11,0
0x2209018b1ff745037c52442986b729b7749baa6d25829f9a03d05a897ea16a21,0
0x56259f4668256f3da2e3d799ee0c6e2fa871533469b1eb1cd25640b61ecf5a43,0
0x129149d56a3c7734bd8c2750bf6c4538530575ffef3cf8bcfb430f55ff7c02d8,0
0xa4a1317da4954b7c031817183ed8ba0d81da610df71e662f7b004662b82d568b,0
0x5e349360388c8ecd8a32b37272de4231b5aefa055cd8c00c44cb175ee48d06ca,0
0x8f74a1a9ca4d20a15097715b8d5857949228f5a94b7701ef86a6b8ef26e04f9f,0
0x44b33c683407218332f0984a3df9bfe85e627302070d4176d3e4262a0bb73b17,0
0xacec86bea0311b66cd428fac5ca9d9d5c946425c5114d93d16090198f9854d72,0
0xb6ed0486f10aaf12ec9d5d7c414db679cb25fdea54891d36d9cc210796ad824d,0
0x7fa084549fa0cfc315911c6575d82f5030003b6bde8482334aec63a10df067d9,0
0x8156f956a489f77a442cdfd372514b124d9b10d76b73c6260c532409e563708f,0
0x27a9a283f0d5f01d1975fc4d71115efdc49b5b59239d97c594f7900b4470dacc,0
0xf221450b661207cb5e58151b3cc7c20ffce562cb2c12bd2cbc08c379cd1c64ba,0
0x3893b085fabc86516629189b143efcce254395bbbe7b7582c3eee1af44db75ca,0
0x1f3babc710e186888fcc648e9a8c4e0e103926d1d550aa6f28255c4bbf23517a,0
0xa84931057edafcdfd3356050ac935fba3a25698cf833ee4212640f61cd8b5fb5,0
0x1b46caec1b1b174fada1489fe2064601fe6d0fa4d7d8b9f35ef7c2f5a12e23dd,0
0xdb325359a59157f4bfaebf00d1eabdf22d8871217fadf1ef7947ceea5c465e74,0
0xeba5d1972cae07ba7ed178996cee388536d1f5f6a9d34cc74b20b0744e95a17e,0
0xae72d01d08848ff6153dac660af2e847e0507bba28b65a5bf71759bd60c475a1,0
0x99755508cd4b1536e3035bbabe590dd619b2e6a4c5e498c95ff52830ddce0f60,0
0xbcf0b406259b9beb1ac9fa0886a6cb228c55b04747e5dfa27ed4aa3e8cb2d91f,0
0xa59b81ec099016f553e212766eef2d1af992274dd4b4062ecb938c6aa4af03e4,0
0xcece7b6a247e36efde6a983117974c5d73a5db460fa2edbb48cdede5f749602d,0
0xddd17fa089b0434d0a8f1aaadb18ec50624381ad2fa965059226f0b5ccfc4016,0
0xb2656abf7066208f9856a51aef47a2dee9ef1e4fdd9b4f6e57c8d9228da3a468,0
0xfb0b5efadd567e8e1350f14fa6b6129d2ff12425f6c3880418a510cc0dba1972,0
0x8f5fa2d0f1744f372729268bd05ce4e37fcbf1ff861dd7eec85139c4ad604337,0
0x0783bcbc55503eff605df1c778a65e1ed40e91f571fa1bf4ceffc2460f088117,0
0xd3b5d3fc39e6f28d48e9fc24916e2cbc627808cafd59789de3101edea33eecbb,0
0x37b6cf5bb8410ae889e9f37634e9e43bf68b1daa1d0eb53d3702874e4df0c7e3,0
0xfc659003725a135db94cb711a888db81d4b2d7fd600d5bbf401f0e39ea1961af,0
0x319d6e6d1117394407de2689fcc35d57d37262aec3d6201b0c1fe1fb70ce0622,0
0xdd95b33e750cd051b5a7eb4889dd97624f2557ea19c19e609e7036bdf3c38c19,0
0x86b91065029976b638d81255edcfdc87574f2bd4cd5725782775e068da8092f7,0
0xa5b3968b2ca2e2033375de0327ab4698870598cf4c379c1b1dabad2320ff3785,0
0x16f8aace23b4ea16de1bdca9d0702a71de28cc108f30431f7d1abea2caf05a73,0
0xfae8e052e28e8ccb3e8deaa8ce01d873c381ac4e9980b5fcee0dd6856ec226ff,0
0xb8dc69dfc4418e7190c12920a467f71ae3cf34a1a3df34872aa189030f0494a9,0
0x58d9ca4b4e833e202d49feedc04a604de2598d612de525565f4734389349555b,0
0x74423a22341490d8f84d882d0166f4761eaa6625b826d525f136c165dd49fc62,0
0xc9d0064e71fee2de87681c1b52ce5a8e60d023d162165403313d0c01084bffb9,0
0x5d6e09873f981007c04083f3930b0ff3a398d94d5d85907589f6116c29a0c924,0
0x94f217e5fcb620597cc7dc1ee946153cd3dde3a8890065610732505641b59386,0
0x2e28b40107fefe1abf5ef6386b1eb875e3df3dec3ddec4f80253854d959d16b4,0
0x8e506e2ff68feb446fb871438fbed4699b56b3e4cfb668ab3e26d82b475f4147,0
0x355391f116763501e3deb5046d66315c473f099f202c4d14a6aa8ffacc7d2e88,0
0x63f36ee2c2c9b434755dbdff9ab9db6d027cd12a7e588bbfedef2fb7f5f943ef,0
0xdde57dc6eaa0fd0a646ce19fd79ba3a9dd7596843653a7ebcb06c9f398e9a2ca,0
0x6c3c377edc3353cc84b3d5b5e83fb479e196a0008dd3c32e8200a0b4cdbd1f6f,0
0x2361bca2b0245c400bb2b1dbae55c22c8d07372f05dbea02de809c498b8ff39f,0
0xf6a3726b99ba27085318483e07f9262639451ac2ddc3e8a1710399c2d9c27170,0
0x93fa54522f9526ad106f0bc6c209a29465ae1f0c2da72788223e5e65e0fafe0b,0
0x4fdaf775af1144ab1c3f3f9b87aec5e82068e13ac43084321546c840c32d7722,0
0x6ffa418aa4b50d8e84f1250ce8694d98534e386de0491daa5158195694513865,0
0x019a3dcb71af62fab77e8d6ebee09c7c07165c9a1e8002875be3d246584bf8c3,0
0x9872466f7874cf3e7cd0b408d37b1d16763c20ad94568d3492c6fe5671f365bc,0
0x752b323922dde7214d7468439fc2fbb39cc30fd1618f7ebea256547cf9b4b5cc,0
0xd141172f41ce20f8a1cc8f948c990569eeca2ba86fbde85906d145ba01e9f8e5,0
0x0a5c04809fe06ecc897fb1939fd9b6e6d0e8ca41c19ae31a5be72889a269d44e,0
0xa61f11fa3a83d8cff1e6b31988f020e94270479ffb12361f4d737e3a3bb3aa53,0
0x96a6412b5ca93c2738e78a5068176b094514f3798d4dd776cb61bfb6f7dfe06c,0
0xe75de707c95b32d20df4c33559bd00ded49a36cdc2e00d96e1510fa8d66d0ce2,0
0x7c26160b76d4ec8285e1898c6a1e20fe835073f53ae76b0987395d026ccadb60,0
0xaf95926d698c508d04d2c6b0686cb7389930562f3304be59032c3cdfad125274,0
0xb26f8bf29372dcf8ae03aa39178747b79c509d9548050214803527e93140df7f,0
0xad80997989ebaf56dccc2a23c99387368a9221e08f4564c5dcafed98315c34d9,0
0xff418ba86041ac0fc9b51d0dbfb54e4bee30b557b18b59d9ec1df9decd7e0f06,0
0x1149de095dd42dee59d76132dc81279227eced9cf7f29e84c94dc31f2ff920fe,0
0xfcf3ad624d9d58a4d978367faa63de4a8d11a3083e896af365365f412855f2b0,0
0xc7f97054c395db27690c80bfddc070371e15e601a226fb4158939c4f8fc543a1,0
0x175380cfba9c996641684b271bb64f9f1c14b1869da39018b06d5679990445b6,0
0x982ad330ef7d79c3a194e60c9e78f84a65466ae725beca7d3f1e027b584e70fc,0
0x60a866a8ecc00c100c866c2e0280495e93da364171fc93f074aa4bfa7c0517db,0
0xe2f4aaee3e5124d114b98359b37e322394fb7eef4b700fa4c157cdffe1756ca4,0
0x39490682a583cabdd6aa27b71d301f0f4107aa07e0d1122e2d825b7421d4e978,0
0x117cb9cee001a60c396e5c9af126b4ac1a1bc1435dd537ff51c79853cd669609,0
0x312faa72e86bb4d912d7dc6f86fcde2eca1fa7ccd68dd2aca16879a67089ccce,0
0xad6412ed621f17b0fd798284ad4e5626c26e8de00ec30003c69983b944c5b0fc,0
0x92ee7ef07a7bc61c37a7e5deca8562bc5f45a8c45583371404c6b769211d1a29,0
0x26c13e35ed793565beae4f8c2a6345aac0f5a60bdf907a3a6e2694a277aadd36,0
0xf844e9393e8956935d5ebbba4544970a8fc720c6178452b9570f03ce5037c63b,0
0x5e00f874da0c37028d550cf879883e7c8e3f657369b633f5a4d0a66cfa448593,0
0x6ba97c389c41ac7864a1b73c2751c9b2652831c50bbbc488e37132ab05138ef4,0
0xd755d73576287698a463e20f101b31d67afebfc9643986155c63bb2a03bcf2c4,0
0x593c692b43028c54587f353c6b3355ef50bad0b3cee76e73234a0bbda805467b,0
0xaae2574d755d8e1845de8263ef0bc8cd1631b9be49989acaf5e1f977ac4fbe7d,0
0x1116884e17258128ea5007b50856ea967d271d4021aca3c0254a5273ddd58a73,0
0xd5f7b6adb4a4122ebf5388d6fa451d96d03471bb4b98f69a48469402ee47de4e,0
0xb024a1377c17c0d42ed9475df37bd402699ab30a840f0cd190f4062ef776bf31,0
0x5effcc646de4f5a311a2a04c4bff9d02071bd0b7114146c592587ab2be886f87,0
0x05ed954f559403976aee1c20090c94882b0d19702f3530cfa8204d62a5dae216,0
0x717835100d8f0183ef7699c382b15385e185593f1c5f8b2bb719fd79a883b3fe,0
0x4ea89fcedf1cb11a8435980b51d214b6c094eca457503488c3176676b43cdfe4,0
0x0fcc911c9da94f8342a34d96f721d5fe7874a8c969ebda003a0fb833566e85f0,0
0x2ef0a804789533ad43002364572e017b2b4d2c486df06567facd1b04a250af41,0
0xfb0eeb351eb7f47c75dfa3f41af49405ff9d0cd342a3f07e153d2d83a092b93f,0
0xb91e771205e84870077b7b23939b37af803942e23327ad2ceff28c3f0ae2fa64,0
0xb7608d75203260b965a6f8f8aa5f22e7a5e864e242b0ce8fb4df286e247e286c,0
0xcb97c6bdc7b1f4bc1d047a61a4e62c27fb1ad02ac1d36d2e184d858a27bd5da9,0
0x90f03547ea6c29cc06ae13b46914d9f9bfd6e6e12e6bf3bf0021e9a37488ff9e,0
0x5d209b0c6fa37032047bb10a34a970bb3aa94fb1ec42003523d9586bf25329dd,0
0xf76bd254b45f7f087b46ee342e9bcef7724172f567e542158251fab7bcd658da,0
0xd21338d0fc2ea93dd162f7625c1d30f7dce0de17d4a4f982ef8f48c8cc17449d,0
0x19b6ac0b2dbcf2180076f2dabe076f7091f7c95b106405beeca8c8687aa04494,0
0xf52d0e0a57fd7c80db1cfed07e97f08685060afd14ea2a3776253eb13c27247b,0
0xf561107512eab7e598a79dc7cbb2041db8158a150fa7cfb4100eb872faf69321,0
0x82491a1b653d3ccff98ef9f43710a186c27c395773d68028929f539f1db5b5f7,0
0x67fee9b48169e7934597bdb0efe8fabebf8ef07d97f139392a2e01a8f70bc260,0
0x6590c217c15ce25cbcda099daa4280e9ddd528067762c8239b7fe4b4403427ea,0
0x5fbc65b4fa1d66d069f6cc6bc8c6cbf8262cd36779a5449c3c447e539bf3a437,0
0x3d5140281ef77d1bcd8be97273f02a7dd5820c22efde526b00556faf8d393bbf,0
0xf405ce52e75126ffcdb6771456d07e2f0d7ef9d047a43c90ba60d90e3d0958c0,0
0x23c619a29554e2dcc27fed987d8840d3fb6aed8956d92897b19c180284706f05,0
0x7d784e411d3555d8bf23d75a3effe79d8098dc20a39c63d41687e2177a0d1f72,0
0x541e21bc602730511c0b2de1dbb8e77e5e16031931a955dc988bbed3f600b510,0
0x95714fef44d818a04ce5c8111893b43b8f66a982c2351bbec632e4743f3738ad,0
0xbc78f34879e149daba0b55b7fb5095eda4d26175d49553fa2339c203d7c83387,0
0x58d7c064991f28c4179fcf1280733714faecf14d36c097efe62b02cbbe1b0153,0
0x23a6406d1666824b4196f5c97bebefd7995b37c0b079523bc8f7716dbdff6995,0
0x2056775be62df8316944d84ad5ec0fb790e90436babdf6a3f4d94422545bf94a,0
0x5a6e4ceeafea9c8aeea1f1e496a87e42827c8ecc419e8d9c332c2d4628898ba4,0
0x8cbdb52f02ecad1110c168643d567e25b43bab7de4584e3eca3dc972edf9565c,0
0x727d4ef363e2efcc9e9be06b416ebb6e363117acba526bf66a3cead5d3aae9ae,0
0x9ebb9a547a92e9d4ecb55616b31e006d6acd5e66b707ed9f3273f51c801c008d,0
0x1255cb0b64f6a1c74f0f32482878f464c6b62e57d7486cf42848a3baf3e80337,0
0xd6e874769974e76c00225913bcb4f3ed3a6dcb895f7bda0f3fe7d84e83e3ab5c,0
0xef26de6a2a31c20c7bd5a9b395798e76e18e0b7adef5435864e1ab6f76753060,0
0xb2aad005cc7385514ae1c3a57ef160aa80957d7c011a802c5c16105ca9117d27,0
0x7e138ba3d803e0c8b32d5fee58e462b776c82a05dcae50b5e354eca2b07ef41d,0
0x5aec3c1540b2cffe4ae81ac26462a65eb68a3c24f0a1ec29b878cda37fbf2582,0
0xbbf61cf09696222f69ae8049e522cc98978b9ad8a0aa9d3fd6007834030521c2,0
0xdd6bf7195ee6f8bb246dd110175a43b6620e0962c0682ecc3c490201e41f6c0c,0
0xf309760d8983fd4fd9fd82902d61b6386c4f8283f0129e00c4df042e17e8f2f0,0
0x61239d6ac74905ebea0a1d1065c17a8ed64396cf4c9e86b2e12dc00a61ec9891,0
0x50d8cc69fd872b8b8a7b26c4e9fde78f82ee08b741460a8f73955b6f4639efe5,0
0x350a0a0087e6206388d0831ca00e2bb9f8fbf25da5ad0d7edd40b79752ca9472,0
0xdac71152fe2f278119e73c81c620a06e2c63ff6892b8508e921170a61af10318,0
0x56915de860004b12f6291d6182e97606da77d52f341b1346ebe849ea4a7063f5,0
0x1f28f8c7101f13b9689b590a536717d6583c7ed2d82a2774578fa4f47ff6aaec,0
0xc0848905ce5aeea7251104b102cb41967961a78f8b56baab8cbb2d2aea40c8af,0
0x0bee754aa0d135e5bd58594bf26efd1bb43c9ac4ae0e551e47bb253d8820c04d,0
0x56337d0fa0699889b787ca0a350977c58ce1cf9cd6f8927b26bf7369750c8411,0
0xf1ac91ac72292bb0296ff5bc39fa3d3adf365b7983b500aa8c72fd6ef5b15e29,0
0x4566d2d540c8a3b6d14d61e04f8e04bb088a4dbfb7a7f41810a7cbb0d9e2bfdc,0
0x2770e94d6b6e4d0a1ee0fc444daaed9485c471ed7cbcf14104730114c237149d,0
0x5a99e9585e7262dbaf1860b4262575fd4392e60550666fcf357fe590f270cf20,0
0xc12c417aa4d9471df428de317bf246de2e72055b6d0ae6148b99a1083bdebaf2,0
0xdd09f16288e67ca643c5af4afe9629fb41daee667c0de122cf9dc4a15f09f8a0,0
0xd70ff0107b5ab95f92ae9369cfbc74d3138591dc86d86911884e7f1e339b1428,0
0xff4079c4453486bc63a04c4cc095b8d3b4492c9a99055a01231a787b9a263173,0
0x2fa4e7c2591a7e0466b59e2f4edb7a1db370841c68512558e20a0f71e06690a2,0
0xf0516d0d4216e195e3c2fffe8d4d0693753b97f82331d66cc5933d19ed99e72e,0
0x87d8a35bf8bc25d929110932b8b9961154ece396f371fec4152b019492f56f5a,0
0x4445422349c366a004996e52105d4b48243c32778fcc52a1b6f62fe08e22417e,0
0xf1f86dbbfce65e2ba56b79047c951210ce8bde76615e7c7ffc64e314368fe102,0
0xca85c204f5638c56abab16e3a9d301b4eebceb0fe1a32600c8f5d1bede867d62,0
0xf9f83434ad3fe6b456b0d7340e4c34e838ad53cfcc61ae4d284d37ad29c9277e,0
0xb66756aebefe2a2812137cd76438b29e53283d2d6277e885f17b055a2d148135,0
0x5097d75cde75540f8eace4d63189351217736504b3c5092defc2120671d9f150,0
0xa090c6099da680041f1a5854e5ac64f16a34128ca1b4dd19cdd4e97b23686aae,0
0xc10b7d742438e621f92a55a2cee09282379b630ce08905e865012d487c61812a,0
0x10aca9d0b74602e443dc78d3c9b9b1371fadf3d90788c7afbedfe77c283ece00,0
0x8830e268789231459cb6b2587656c7a6f3ea14e66afbb4f3ed03f0b72c4c0df0,0
0x0d3f26b1e88d277328dcd01bf18b0af01c6e8c0feb2051e51c9942c464e4c726,0
0xfad3bd25ac7205795042c7e0d26422e1c71bdbce58cb53c91fcfc2571dc70fca,0
0x8d80a29ac86dc3e332c6840148f9e10274c2eaf04f9ac4f82e26279dba4c8ffa,0
0xe9b5f1742c638a704ea38e756ad1ef1be776ba849e34342a4df9013e4c2aeda7,0
0x4deff53d927df7cf78c31df6441b97ca91a1f4fd02b94134c0e6920c2426df07,0
0x8f29a799b4e123b171e8d54667b3b6e5ea98a597512446715f8a124f78a70ccd,0
0x67e66642db8e4eddb0357b6c0f5afc32f279466a3e4c9b5425f7ea4c2b55509d,0
0x58452156036ac65e9468470942787cab10058e1387adeb77c8a07aad7c0ea863,0
0x3a44edbe00c1c7275ee3c9d91cc8c844f0b65ee59f44701c943a280d13945836,0
0xc8a089725c452f7e4d3a3c419146970b03e56535a0f04359be163922d790b6d3,0
0xe79816e1b4ba1181836f011b49b300dd93892700987a7d030dfd467a6b193668,0
0xccc6bc1356e0f1beb7c5dfeb1928f06ad4b6b11e345d28a9680a33e20b8142f9,0
0x33633793c9b340ecdc9b56f2c047f025c8e8e5011c3d9cb07a86d9eba6e347c3,0
0x5f404495ab7d1621836c099fb9b5b83e45e835a60dccd85509ea4b1411fadb24,0
0x06db461ffbcb974255026580c049c650e4569a7e21dff7047a8f7188785f7c23,0
0x028e2e5160054ca2ac59e9486d3025c43bcbb1d09eec1cbb3826ec5debf50975,0
0x4365b0558f60c5816191e72fd3f9467458ca36c20d00ab341f9a07d38a65fd90,0
0x0bb32b4a455848306c0dfe15bf73728bd4d84a2fd3ed1ee618cc55d2bf80ac78,0
0xcffd75c5f57d96a87a6c31908883e9b07ff3a8727a0cfa15974a269e3e034c01,0
0xaa8f585d4025ebf5b8de292e99ff31401e51222b6fc712228e711efe554e2e07,0
0x7d53ae32d6b7ea037ebc8574024ef6ccac36eebc1b2a338a1e5bfac31e86db30,0
0x3acdbf8bc02fafe9243df5071981d9af5cb533c69ad9b2f8a4df989882605074,0
0x437313ed25869a7f456749f0e83e4e5358e123960aa0214cc2f0b378c02610e3,0
0x72ed87436fa928fda78b5d30cb0b40aa6eedc30b88b79d55fce1e6efa626553c,0
0x7c2fe159f3f03164ba2770769105fea3f166b25e32fea599ae6b66bf5c340a6d,0
0x68c52febb02b148d20f8ecb01cad0452fd5a808634364885532722b140bc866f,0
0xcf6ced25a7187ce0cf81ae51033f8ecb57bc448925ab2b32cdbca62d10edc305,0
0xdd9b38b789a6986f6d6235ea00ee50a5fc68ff5e757d63afb236041b3df7e040,0
0x6d0ee992e7ef133cd4597c64705a3a31d19aa2d23de99fb75b8d397180dce56b,0
0xf17a9f1fe56cfe91dff00887c119da3f809e65e5a49f9da40f86a8ab03d19c2d,0
0xecba51631f470cf371f18b1ede1a7856d3723adb51bda25b312ee912c35426c7,0
0x88d27fead5e6df32344cd0d015043429fd84ecf39c1836ff9d80e2a28d1b2866,0
0x39ca7dea8331a30db30ec17756883c0a1680155ffd96842605e0c20c9c26bcea,0
0x28b1eec5d6994ebb229d3a1feafe96dfd1e794486fb323b57444f5067c34216a,0
0xc755636e9727e016dbeb5321117bcae6bf0149c4473a9bbffd082fbf5af0eb27,0
0xc61616151e9707f4f5104bed75e311be9cd4af8f12d6af040ec290bfae50ec74,0
0xff3638976f4250877b910b55673defd29cf82c648dfe35d6eaaeb5a6d86cc10b,0
0xfa0f1bcb9b8585595f1bf63ba304528e39315d2b2dda585bdeb4de3be79ee8ae,0
0xbc2239916a1ad4c7200335b19dabacc87b92159e3b0be146edbe6b521037159e,0
0x790ea768d5cd96733ecacee315b5ef14cf659c1cfd9becd40c85beb2fc858668,0
0x3c18c61e5f45ecbea4863452d2ae2ad29dc884beeb3cb4aecd173666b16170a7,0
0x2f8d2a7559fdec124371012ca695be5f52d7e7695ecaeb1cf900fa03494b52c0,0
0xe9eab83b0dc3701435b336e99cb46293410fc5f403c49f3a6038e961d3340b75,0
0xbfe8e3cd49426da14d83ac0b550d339adfae5563c24b93124b90c9c659619aa4,0
0xfffa9a0dd4c74baa334570421311ec76f3de8692a5629f14a05f76b1c06b9f02,0
0x739a49b4a34d51bdbe17f7694fe075a7927b8dbae8a8ba052dc694aa9671b294,0
0x0af29315e94e69244de4112f3da29dab5018e8178ccdd9adb49efe01467b3091,0
0xf01a00719e39088b2d43c01eba1ff9887692469d0d2d1281fb5fcf28bd9788f5,0
0xf46a7ba3713b403769ddfcb969f9b23a7ca61849f5c8a2c65f622aa48dea6865,0
0x61476cb561aa39111fd8ec53378e2b79f33b300abea63ada15bae17690d000c0,0
0xf72b4b2e025cf6080bfc1d7f102e775367b62c3da2073673c208d2948e2d15b6,0
0x19c442f13602d32757a0e7a528393e501b6246d32b16e02086f6908b301f2a04,0
0xb81300720884c8dbd82d8ba2d6aa29eb2b9db9682ed585243ccf4f3e8c655990,0
0x33ce2f186a390bf54ea5bdbd0e095bd8e6b3474529af237c40a78603fb161cf9,0
0xc5e455e5c60caeda1e16519e4ef538259c8decd96b1f742f47db047a5f4034bf,0
0xd17b72c40fd5f86dadca4adcd8a534b4bf1bf50719781a36afa8ba9ba20dd8a0,0
0x37cfc9dbc18a93cceb2b6173c09889d32288ab35b359345011f2cc2f059f007a,0
0x6c42a78abb937683e6823447ba71932b6cea1497e1ecdcef8273ba19fcabab1e,0
0x0c32bb015109699b09cf52e9c11757ffd6c16d1ca09e00399f5f55028786c875,0
0xc0b9573e417b7a1f676f3ab2b863851ccb7cd255b6e937eef722b9f43e8f6a89,0
0x420c7e257462bbef1c640ab6e187a8c7f4494c22d66d8dea8c1b672ca434730f,0
0x0750be430dae97606f0583c4af4795d8af19a905a72ec9657f01aad49ff1bed5,0
0xedd29d181e3626638d4f4c8fea99eff05d988d25472aa5ac07b40462123477c1,0
0xc2f4f465074b54f63e971ad802dc1c5abe55917f0c79066636e9afdbf43e88f1,0
0xe7035eed563e69f2ba0fd6c959146d95fc9e85068a4f60fb481ad559e9ef0489,0
